first_join_month,month_diff,retention
2016-06-01,0,100.0
2016-06-01,1,100.0
2016-06-01,15,100.0
2016-06-01,30,100.0
2016-06-01,44,100.0
2016-06-01,59,100.0
2016-07-01,0,100.0
2016-07-01,1,24.344569288389515
2016-07-01,2,25.0936329588015
2016-07-01,3,23.970037453183522
2016-07-01,4,29.962546816479403
2016-07-01,5,26.591760299625467
2016-07-01,6,31.460674157303369
2016-07-01,7,27.715355805243448
2016-07-01,8,27.715355805243448
2016-07-01,9,30.337078651685395
2016-07-01,10,28.08988764044944
2016-07-01,11,24.719101123595504
2016-07-01,12,32.958801498127336
2016-07-01,13,30.337078651685395
2016-07-01,14,29.962546816479403
2016-07-01,15,30.711610486891384
2016-07-01,16,27.340823970037455
2016-07-01,17,29.213483146067414
2016-07-01,18,36.704119850187269
2016-07-01,19,26.217228464419474
2016-07-01,20,27.715355805243448
2016-07-01,21,28.08988764044944
2016-07-01,22,26.966292134831459
2016-07-01,23,28.838951310861422
2016-07-01,24,42.322097378277149
2016-07-01,25,26.217228464419474
2016-07-01,26,26.966292134831459
2016-07-01,27,31.460674157303369
2016-07-01,28,25.842696629213485
2016-07-01,29,32.584269662921351
2016-07-01,30,30.337078651685395
2016-07-01,31,23.595505617977526
2016-07-01,32,30.337078651685395
2016-07-01,33,28.464419475655429
2016-07-01,34,28.464419475655429
2016-07-01,35,26.591760299625467
2016-07-01,36,49.812734082397
2016-07-01,37,29.213483146067414
2016-07-01,38,28.464419475655429
2016-07-01,39,27.715355805243448
2016-07-01,40,31.086142322097377
2016-07-01,41,27.340823970037455
2016-07-01,42,30.337078651685395
2016-07-01,43,26.591760299625467
2016-07-01,44,30.711610486891384
2016-07-01,45,27.340823970037455
2016-07-01,46,33.707865168539328
2016-07-01,47,24.719101123595504
2016-07-01,48,41.573033707865171
2016-07-01,49,26.591760299625467
2016-07-01,50,26.966292134831459
2016-07-01,51,29.588014981273407
2016-07-01,52,25.468164794007492
2016-07-01,53,28.838951310861422
2016-07-01,54,35.955056179775283
2016-07-01,55,25.468164794007492
2016-07-01,56,30.711610486891384
2016-07-01,57,22.846441947565545
2016-07-01,58,34.831460674157306
2016-07-01,59,29.588014981273407
2016-07-01,60,31.835205992509362
2016-07-01,61,27.340823970037455
2016-07-01,62,25.468164794007492
2016-07-01,63,29.962546816479403
2016-07-01,64,28.838951310861422
2016-07-01,65,27.715355805243448
2016-07-01,66,31.086142322097377
2016-07-01,67,27.340823970037455
2016-07-01,68,27.340823970037455
2016-07-01,69,26.591760299625467
2016-07-01,70,22.846441947565545
2016-07-01,71,21.722846441947567
2016-07-01,72,10.112359550561797
2016-08-01,0,100.0
2016-08-01,1,23.690773067331673
2016-08-01,2,29.925187032418954
2016-08-01,3,31.67082294264339
2016-08-01,4,34.413965087281795
2016-08-01,5,33.416458852867834
2016-08-01,6,30.922693266832919
2016-08-01,7,32.668329177057359
2016-08-01,8,33.915211970074814
2016-08-01,9,33.665835411471321
2016-08-01,10,32.668329177057359
2016-08-01,11,33.16708229426434
2016-08-01,12,36.159600997506239
2016-08-01,13,32.668329177057359
2016-08-01,14,37.905236907730675
2016-08-01,15,33.416458852867834
2016-08-01,16,33.665835411471321
2016-08-01,17,31.421446384039903
2016-08-01,18,37.1571072319202
2016-08-01,19,30.922693266832919
2016-08-01,20,35.660847880299251
2016-08-01,21,33.665835411471321
2016-08-01,22,31.67082294264339
2016-08-01,23,31.172069825436409
2016-08-01,24,47.880299251870326
2016-08-01,25,30.174563591022448
2016-08-01,26,33.915211970074814
2016-08-01,27,33.416458852867834
2016-08-01,28,34.1645885286783
2016-08-01,29,36.907730673316706
2016-08-01,30,31.421446384039903
2016-08-01,31,32.917705735660846
2016-08-01,32,34.413965087281795
2016-08-01,33,34.663341645885289
2016-08-01,34,31.421446384039903
2016-08-01,35,28.179551122194514
2016-08-01,36,52.618453865336654
2016-08-01,37,30.423940149625935
2016-08-01,38,32.917705735660846
2016-08-01,39,34.413965087281795
2016-08-01,40,31.172069825436409
2016-08-01,41,34.912718204488783
2016-08-01,42,31.920199501246881
2016-08-01,43,38.65336658354115
2016-08-01,44,30.922693266832919
2016-08-01,45,34.912718204488783
2016-08-01,46,32.668329177057359
2016-08-01,47,29.177057356608476
2016-08-01,48,45.137157107231914
2016-08-01,49,31.920199501246881
2016-08-01,50,34.663341645885289
2016-08-01,51,33.16708229426434
2016-08-01,52,32.668329177057359
2016-08-01,53,32.169576059850371
2016-08-01,54,33.416458852867834
2016-08-01,55,33.915211970074814
2016-08-01,56,33.416458852867834
2016-08-01,57,37.905236907730675
2016-08-01,58,30.673316708229425
2016-08-01,59,32.169576059850371
2016-08-01,60,37.655860349127181
2016-08-01,61,35.660847880299251
2016-08-01,62,31.421446384039903
2016-08-01,63,31.172069825436409
2016-08-01,64,35.411471321695757
2016-08-01,65,32.169576059850371
2016-08-01,66,33.16708229426434
2016-08-01,67,30.423940149625935
2016-08-01,68,32.668329177057359
2016-08-01,69,31.421446384039903
2016-08-01,70,25.187032418952622
2016-08-01,71,11.720698254364089
2016-09-01,0,100.0
2016-09-01,1,21.276595744680851
2016-09-01,2,26.477541371158392
2016-09-01,3,26.713947990543733
2016-09-01,4,29.314420803782504
2016-09-01,5,31.678486997635936
2016-09-01,6,30.023640661938533
2016-09-01,7,28.368794326241137
2016-09-01,8,30.49645390070922
2016-09-01,9,31.914893617021278
2016-09-01,10,33.096926713947987
2016-09-01,11,29.078014184397162
2016-09-01,12,31.914893617021278
2016-09-01,13,30.023640661938533
2016-09-01,14,33.333333333333329
2016-09-01,15,29.550827423167846
2016-09-01,16,31.205673758865249
2016-09-01,17,28.605200945626478
2016-09-01,18,34.988179669030735
2016-09-01,19,31.914893617021278
2016-09-01,20,33.096926713947987
2016-09-01,21,26.004728132387704
2016-09-01,22,29.550827423167846
2016-09-01,23,34.515366430260045
2016-09-01,24,35.460992907801419
2016-09-01,25,30.969267139479907
2016-09-01,26,28.841607565011824
2016-09-01,27,30.732860520094562
2016-09-01,28,34.042553191489361
2016-09-01,29,27.186761229314421
2016-09-01,30,33.806146572104019
2016-09-01,31,29.787234042553191
2016-09-01,32,29.787234042553191
2016-09-01,33,30.260047281323878
2016-09-01,34,30.023640661938533
2016-09-01,35,50.591016548463351
2016-09-01,36,25.768321513002363
2016-09-01,37,30.49645390070922
2016-09-01,38,30.260047281323878
2016-09-01,39,31.205673758865249
2016-09-01,40,32.15130023640662
2016-09-01,41,28.132387706855795
2016-09-01,42,32.860520094562645
2016-09-01,43,28.841607565011824
2016-09-01,44,32.387706855791961
2016-09-01,45,29.550827423167846
2016-09-01,46,28.132387706855795
2016-09-01,47,44.917257683215126
2016-09-01,48,26.950354609929079
2016-09-01,49,29.314420803782504
2016-09-01,50,31.678486997635936
2016-09-01,51,29.787234042553191
2016-09-01,52,30.969267139479907
2016-09-01,53,33.569739952718678
2016-09-01,54,28.841607565011824
2016-09-01,55,31.205673758865249
2016-09-01,56,34.988179669030735
2016-09-01,57,28.132387706855795
2016-09-01,58,29.314420803782504
2016-09-01,59,32.387706855791961
2016-09-01,60,33.096926713947987
2016-09-01,61,29.550827423167846
2016-09-01,62,29.314420803782504
2016-09-01,63,32.15130023640662
2016-09-01,64,28.841607565011824
2016-09-01,65,29.550827423167846
2016-09-01,66,31.678486997635936
2016-09-01,67,28.368794326241137
2016-09-01,68,30.260047281323878
2016-09-01,69,22.695035460992909
2016-09-01,70,9.456264775413711
2016-10-01,0,100.0
2016-10-01,1,24.2
2016-10-01,2,28.199999999999996
2016-10-01,3,30.0
2016-10-01,4,28.999999999999996
2016-10-01,5,31.6
2016-10-01,6,32.0
2016-10-01,7,33.0
2016-10-01,8,34.599999999999994
2016-10-01,9,29.599999999999998
2016-10-01,10,34.2
2016-10-01,11,32.0
2016-10-01,12,36.4
2016-10-01,13,30.4
2016-10-01,14,37.2
2016-10-01,15,30.8
2016-10-01,16,31.0
2016-10-01,17,32.4
2016-10-01,18,34.2
2016-10-01,19,32.6
2016-10-01,20,34.0
2016-10-01,21,32.4
2016-10-01,22,31.0
2016-10-01,23,41.0
2016-10-01,24,30.4
2016-10-01,25,31.0
2016-10-01,26,34.4
2016-10-01,27,29.799999999999997
2016-10-01,28,34.599999999999994
2016-10-01,29,32.0
2016-10-01,30,32.6
2016-10-01,31,33.4
2016-10-01,32,31.4
2016-10-01,33,32.0
2016-10-01,34,28.000000000000004
2016-10-01,35,56.999999999999993
2016-10-01,36,28.199999999999996
2016-10-01,37,31.2
2016-10-01,38,33.0
2016-10-01,39,33.0
2016-10-01,40,31.6
2016-10-01,41,32.2
2016-10-01,42,36.8
2016-10-01,43,33.4
2016-10-01,44,33.0
2016-10-01,45,30.599999999999998
2016-10-01,46,41.6
2016-10-01,47,30.0
2016-10-01,48,30.2
2016-10-01,49,32.0
2016-10-01,50,34.2
2016-10-01,51,33.0
2016-10-01,52,36.199999999999996
2016-10-01,53,32.4
2016-10-01,54,30.4
2016-10-01,55,30.8
2016-10-01,56,37.4
2016-10-01,57,32.0
2016-10-01,58,34.8
2016-10-01,59,29.599999999999998
2016-10-01,60,33.6
2016-10-01,61,31.8
2016-10-01,62,35.0
2016-10-01,63,33.4
2016-10-01,64,30.599999999999998
2016-10-01,65,30.599999999999998
2016-10-01,66,31.6
2016-10-01,67,29.2
2016-10-01,68,24.0
2016-10-01,69,11.0
2016-11-01,0,100.0
2016-11-01,1,22.294372294372295
2016-11-01,2,25.757575757575758
2016-11-01,3,31.168831168831169
2016-11-01,4,28.787878787878789
2016-11-01,5,30.086580086580089
2016-11-01,6,32.034632034632033
2016-11-01,7,30.086580086580089
2016-11-01,8,32.467532467532465
2016-11-01,9,30.735930735930733
2016-11-01,10,30.735930735930733
2016-11-01,11,31.601731601731604
2016-11-01,12,32.467532467532465
2016-11-01,13,31.818181818181817
2016-11-01,14,33.98268398268398
2016-11-01,15,28.354978354978357
2016-11-01,16,30.952380952380953
2016-11-01,17,35.064935064935064
2016-11-01,18,32.251082251082252
2016-11-01,19,28.354978354978357
2016-11-01,20,31.601731601731604
2016-11-01,21,31.385281385281381
2016-11-01,22,26.623376623376622
2016-11-01,23,43.722943722943725
2016-11-01,24,28.571428571428569
2016-11-01,25,31.385281385281381
2016-11-01,26,33.766233766233768
2016-11-01,27,30.519480519480517
2016-11-01,28,30.303030303030305
2016-11-01,29,30.519480519480517
2016-11-01,30,32.900432900432904
2016-11-01,31,28.138528138528141
2016-11-01,32,31.818181818181817
2016-11-01,33,29.004329004329005
2016-11-01,34,50.216450216450212
2016-11-01,35,28.138528138528141
2016-11-01,36,28.787878787878789
2016-11-01,37,32.683982683982684
2016-11-01,38,31.168831168831169
2016-11-01,39,30.303030303030305
2016-11-01,40,30.303030303030305
2016-11-01,41,35.281385281385283
2016-11-01,42,29.870129870129869
2016-11-01,43,31.168831168831169
2016-11-01,44,30.303030303030305
2016-11-01,45,29.437229437229441
2016-11-01,46,40.692640692640694
2016-11-01,47,30.735930735930733
2016-11-01,48,28.571428571428569
2016-11-01,49,32.251082251082252
2016-11-01,50,30.735930735930733
2016-11-01,51,35.281385281385283
2016-11-01,52,30.086580086580089
2016-11-01,53,31.168831168831169
2016-11-01,54,30.735930735930733
2016-11-01,55,34.848484848484851
2016-11-01,56,30.519480519480517
2016-11-01,57,33.549783549783555
2016-11-01,58,31.818181818181817
2016-11-01,59,30.086580086580089
2016-11-01,60,31.385281385281381
2016-11-01,61,30.519480519480517
2016-11-01,62,31.385281385281381
2016-11-01,63,29.004329004329005
2016-11-01,64,29.653679653679653
2016-11-01,65,32.467532467532465
2016-11-01,66,26.406926406926406
2016-11-01,67,22.077922077922079
2016-11-01,68,9.3073593073593077
2016-12-01,0,100.0
2016-12-01,1,19.465648854961831
2016-12-01,2,20.610687022900763
2016-12-01,3,22.137404580152673
2016-12-01,4,25.954198473282442
2016-12-01,5,24.427480916030532
2016-12-01,6,27.480916030534353
2016-12-01,7,24.809160305343511
2016-12-01,8,28.625954198473281
2016-12-01,9,24.045801526717558
2016-12-01,10,24.045801526717558
2016-12-01,11,30.534351145038169
2016-12-01,12,25.954198473282442
2016-12-01,13,27.480916030534353
2016-12-01,14,25.190839694656486
2016-12-01,15,27.480916030534353
2016-12-01,16,25.190839694656486
2016-12-01,17,33.969465648854964
2016-12-01,18,22.137404580152673
2016-12-01,19,30.152671755725191
2016-12-01,20,23.282442748091604
2016-12-01,21,25.572519083969464
2016-12-01,22,32.44274809160305
2016-12-01,23,29.770992366412212
2016-12-01,24,26.335877862595421
2016-12-01,25,26.335877862595421
2016-12-01,26,23.282442748091604
2016-12-01,27,30.916030534351147
2016-12-01,28,25.954198473282442
2016-12-01,29,27.480916030534353
2016-12-01,30,25.190839694656486
2016-12-01,31,27.862595419847331
2016-12-01,32,24.427480916030532
2016-12-01,33,19.847328244274809
2016-12-01,34,49.618320610687022
2016-12-01,35,22.519083969465647
2016-12-01,36,24.045801526717558
2016-12-01,37,25.954198473282442
2016-12-01,38,26.335877862595421
2016-12-01,39,25.954198473282442
2016-12-01,40,27.862595419847331
2016-12-01,41,27.862595419847331
2016-12-01,42,25.190839694656486
2016-12-01,43,27.862595419847331
2016-12-01,44,22.900763358778626
2016-12-01,45,39.694656488549619
2016-12-01,46,26.717557251908396
2016-12-01,47,27.099236641221374
2016-12-01,48,24.809160305343511
2016-12-01,49,25.572519083969464
2016-12-01,50,23.664122137404579
2016-12-01,51,29.770992366412212
2016-12-01,52,26.717557251908396
2016-12-01,53,24.809160305343511
2016-12-01,54,31.297709923664126
2016-12-01,55,25.190839694656486
2016-12-01,56,30.152671755725191
2016-12-01,57,25.954198473282442
2016-12-01,58,24.045801526717558
2016-12-01,59,27.480916030534353
2016-12-01,60,22.519083969465647
2016-12-01,61,30.152671755725191
2016-12-01,62,23.664122137404579
2016-12-01,63,23.664122137404579
2016-12-01,64,23.664122137404579
2016-12-01,65,23.664122137404579
2016-12-01,66,18.702290076335878
2016-12-01,67,6.8702290076335881
2017-01-01,0,100.0
2017-01-01,1,24.166666666666668
2017-01-01,2,27.708333333333336
2017-01-01,3,29.166666666666668
2017-01-01,4,31.874999999999996
2017-01-01,5,32.291666666666671
2017-01-01,6,32.291666666666671
2017-01-01,7,34.166666666666664
2017-01-01,8,31.874999999999996
2017-01-01,9,32.916666666666664
2017-01-01,10,32.708333333333336
2017-01-01,11,34.583333333333336
2017-01-01,12,32.291666666666671
2017-01-01,13,33.541666666666664
2017-01-01,14,32.916666666666664
2017-01-01,15,35.416666666666671
2017-01-01,16,32.5
2017-01-01,17,33.125
2017-01-01,18,33.541666666666664
2017-01-01,19,32.708333333333336
2017-01-01,20,32.083333333333336
2017-01-01,21,31.041666666666668
2017-01-01,22,44.583333333333336
2017-01-01,23,31.25
2017-01-01,24,31.041666666666668
2017-01-01,25,28.958333333333336
2017-01-01,26,33.541666666666664
2017-01-01,27,36.458333333333329
2017-01-01,28,32.083333333333336
2017-01-01,29,33.333333333333329
2017-01-01,30,33.75
2017-01-01,31,31.25
2017-01-01,32,27.708333333333336
2017-01-01,33,50.208333333333336
2017-01-01,34,31.041666666666668
2017-01-01,35,29.583333333333332
2017-01-01,36,31.041666666666668
2017-01-01,37,31.874999999999996
2017-01-01,38,34.583333333333336
2017-01-01,39,29.166666666666668
2017-01-01,40,38.958333333333336
2017-01-01,41,31.874999999999996
2017-01-01,42,33.125
2017-01-01,43,29.583333333333332
2017-01-01,44,44.375
2017-01-01,45,30.208333333333332
2017-01-01,46,32.083333333333336
2017-01-01,47,32.916666666666664
2017-01-01,48,34.583333333333336
2017-01-01,49,29.166666666666668
2017-01-01,50,35.416666666666671
2017-01-01,51,31.041666666666668
2017-01-01,52,33.333333333333329
2017-01-01,53,38.541666666666671
2017-01-01,54,31.874999999999996
2017-01-01,55,33.541666666666664
2017-01-01,56,31.458333333333332
2017-01-01,57,33.958333333333336
2017-01-01,58,32.708333333333336
2017-01-01,59,34.166666666666664
2017-01-01,60,32.291666666666671
2017-01-01,61,31.041666666666668
2017-01-01,62,31.041666666666668
2017-01-01,63,33.75
2017-01-01,64,27.916666666666668
2017-01-01,65,23.333333333333332
2017-01-01,66,11.458333333333332
2017-02-01,0,100.0
2017-02-01,1,23.74429223744292
2017-02-01,2,28.538812785388128
2017-02-01,3,31.963470319634702
2017-02-01,4,32.19178082191781
2017-02-01,5,31.278538812785389
2017-02-01,6,33.333333333333329
2017-02-01,7,32.19178082191781
2017-02-01,8,35.844748858447488
2017-02-01,9,32.648401826484019
2017-02-01,10,31.506849315068493
2017-02-01,11,34.246575342465754
2017-02-01,12,31.7351598173516
2017-02-01,13,33.561643835616437
2017-02-01,14,32.648401826484019
2017-02-01,15,36.3013698630137
2017-02-01,16,35.844748858447488
2017-02-01,17,35.159817351598171
2017-02-01,18,32.19178082191781
2017-02-01,19,33.333333333333329
2017-02-01,20,33.789954337899545
2017-02-01,21,27.397260273972602
2017-02-01,22,40.8675799086758
2017-02-01,23,32.420091324200911
2017-02-01,24,30.365296803652971
2017-02-01,25,36.3013698630137
2017-02-01,26,33.105022831050228
2017-02-01,27,33.789954337899545
2017-02-01,28,32.420091324200911
2017-02-01,29,32.648401826484019
2017-02-01,30,32.648401826484019
2017-02-01,31,31.506849315068493
2017-02-01,32,27.62557077625571
2017-02-01,33,60.958904109589042
2017-02-01,34,30.365296803652971
2017-02-01,35,31.278538812785389
2017-02-01,36,31.7351598173516
2017-02-01,37,33.105022831050228
2017-02-01,38,33.333333333333329
2017-02-01,39,34.703196347031962
2017-02-01,40,30.136986301369863
2017-02-01,41,33.561643835616437
2017-02-01,42,34.703196347031962
2017-02-01,43,29.223744292237441
2017-02-01,44,40.410958904109592
2017-02-01,45,31.506849315068493
2017-02-01,46,33.105022831050228
2017-02-01,47,32.87671232876712
2017-02-01,48,29.908675799086758
2017-02-01,49,43.150684931506852
2017-02-01,50,30.593607305936072
2017-02-01,51,34.246575342465754
2017-02-01,52,33.561643835616437
2017-02-01,53,31.05022831050228
2017-02-01,54,34.246575342465754
2017-02-01,55,34.93150684931507
2017-02-01,56,32.420091324200911
2017-02-01,57,33.789954337899545
2017-02-01,58,33.561643835616437
2017-02-01,59,32.19178082191781
2017-02-01,60,30.365296803652971
2017-02-01,61,29.908675799086758
2017-02-01,62,33.333333333333329
2017-02-01,63,30.136986301369863
2017-02-01,64,25.342465753424658
2017-02-01,65,13.470319634703195
2017-03-01,0,100.0
2017-03-01,1,22.33606557377049
2017-03-01,2,27.254098360655739
2017-03-01,3,28.483606557377051
2017-03-01,4,30.327868852459016
2017-03-01,5,30.122950819672127
2017-03-01,6,31.147540983606557
2017-03-01,7,31.762295081967213
2017-03-01,8,30.942622950819672
2017-03-01,9,31.967213114754102
2017-03-01,10,29.713114754098363
2017-03-01,11,30.122950819672127
2017-03-01,12,30.942622950819672
2017-03-01,13,34.631147540983612
2017-03-01,14,29.303278688524593
2017-03-01,15,30.327868852459016
2017-03-01,16,38.729508196721312
2017-03-01,17,28.483606557377051
2017-03-01,18,34.83606557377049
2017-03-01,19,29.918032786885245
2017-03-01,20,30.122950819672127
2017-03-01,21,33.196721311475407
2017-03-01,22,35.450819672131146
2017-03-01,23,27.459016393442624
2017-03-01,24,32.172131147540981
2017-03-01,25,28.07377049180328
2017-03-01,26,35.655737704918032
2017-03-01,27,28.483606557377051
2017-03-01,28,30.737704918032787
2017-03-01,29,32.991803278688522
2017-03-01,30,28.688524590163933
2017-03-01,31,28.688524590163933
2017-03-01,32,54.713114754098356
2017-03-01,33,24.590163934426229
2017-03-01,34,30.942622950819672
2017-03-01,35,29.918032786885245
2017-03-01,36,31.762295081967213
2017-03-01,37,30.942622950819672
2017-03-01,38,27.049180327868854
2017-03-01,39,37.5
2017-03-01,40,30.532786885245898
2017-03-01,41,33.196721311475407
2017-03-01,42,25.0
2017-03-01,43,41.803278688524593
2017-03-01,44,27.459016393442624
2017-03-01,45,32.377049180327873
2017-03-01,46,33.401639344262293
2017-03-01,47,28.893442622950822
2017-03-01,48,39.139344262295083
2017-03-01,49,26.844262295081968
2017-03-01,50,31.352459016393443
2017-03-01,51,27.868852459016392
2017-03-01,52,37.295081967213115
2017-03-01,53,29.918032786885245
2017-03-01,54,32.786885245901637
2017-03-01,55,33.811475409836063
2017-03-01,56,29.918032786885245
2017-03-01,57,29.918032786885245
2017-03-01,58,30.327868852459016
2017-03-01,59,29.508196721311474
2017-03-01,60,31.967213114754102
2017-03-01,61,27.254098360655739
2017-03-01,62,29.713114754098363
2017-03-01,63,23.155737704918032
2017-03-01,64,10.040983606557377
2017-04-01,0,100.0
2017-04-01,1,29.350104821802937
2017-04-01,2,28.930817610062892
2017-04-01,3,32.494758909853246
2017-04-01,4,34.381551362683439
2017-04-01,5,35.0104821802935
2017-04-01,6,33.9622641509434
2017-04-01,7,34.591194968553459
2017-04-01,8,36.897274633123686
2017-04-01,9,34.591194968553459
2017-04-01,10,32.075471698113205
2017-04-01,11,35.639412997903563
2017-04-01,12,36.477987421383645
2017-04-01,13,35.639412997903563
2017-04-01,14,33.9622641509434
2017-04-01,15,34.171907756813418
2017-04-01,16,41.299790356394126
2017-04-01,17,32.285115303983233
2017-04-01,18,35.220125786163521
2017-04-01,19,36.268343815513624
2017-04-01,20,32.285115303983233
2017-04-01,21,45.492662473794546
2017-04-01,22,27.882599580712785
2017-04-01,23,35.429769392033542
2017-04-01,24,34.171907756813418
2017-04-01,25,36.268343815513624
2017-04-01,26,35.429769392033542
2017-04-01,27,36.477987421383645
2017-04-01,28,33.752620545073377
2017-04-01,29,34.80083857442348
2017-04-01,30,33.542976939203356
2017-04-01,31,30.398322851153043
2017-04-01,32,57.023060796645694
2017-04-01,33,31.446540880503143
2017-04-01,34,34.80083857442348
2017-04-01,35,33.123689727463315
2017-04-01,36,37.526205450733755
2017-04-01,37,33.123689727463315
2017-04-01,38,38.155136268343817
2017-04-01,39,33.123689727463315
2017-04-01,40,36.897274633123686
2017-04-01,41,33.9622641509434
2017-04-01,42,46.121593291404608
2017-04-01,43,27.882599580712785
2017-04-01,44,34.80083857442348
2017-04-01,45,37.106918238993707
2017-04-01,46,32.494758909853246
2017-04-01,47,33.333333333333329
2017-04-01,48,39.622641509433961
2017-04-01,49,35.429769392033542
2017-04-01,50,30.817610062893081
2017-04-01,51,38.364779874213838
2017-04-01,52,36.268343815513624
2017-04-01,53,35.220125786163521
2017-04-01,54,34.80083857442348
2017-04-01,55,33.752620545073377
2017-04-01,56,36.058700209643604
2017-04-01,57,33.542976939203356
2017-04-01,58,34.381551362683439
2017-04-01,59,34.171907756813418
2017-04-01,60,31.446540880503143
2017-04-01,61,32.285115303983233
2017-04-01,62,24.737945492662476
2017-04-01,63,11.949685534591195
2017-05-01,0,100.0
2017-05-01,1,22.682926829268293
2017-05-01,2,30.243902439024389
2017-05-01,3,31.707317073170731
2017-05-01,4,34.634146341463413
2017-05-01,5,32.6829268292683
2017-05-01,6,32.926829268292686
2017-05-01,7,37.073170731707314
2017-05-01,8,33.658536585365859
2017-05-01,9,32.4390243902439
2017-05-01,10,33.170731707317074
2017-05-01,11,35.365853658536587
2017-05-01,12,36.829268292682926
2017-05-01,13,29.512195121951219
2017-05-01,14,34.390243902439025
2017-05-01,15,37.5609756097561
2017-05-01,16,35.609756097560975
2017-05-01,17,34.146341463414636
2017-05-01,18,33.658536585365859
2017-05-01,19,34.634146341463413
2017-05-01,20,32.926829268292686
2017-05-01,21,40.0
2017-05-01,22,33.170731707317074
2017-05-01,23,31.463414634146343
2017-05-01,24,36.829268292682926
2017-05-01,25,35.853658536585364
2017-05-01,26,32.926829268292686
2017-05-01,27,32.926829268292686
2017-05-01,28,32.4390243902439
2017-05-01,29,33.658536585365859
2017-05-01,30,32.6829268292683
2017-05-01,31,51.951219512195124
2017-05-01,32,31.219512195121951
2017-05-01,33,30.975609756097562
2017-05-01,34,36.585365853658537
2017-05-01,35,32.195121951219512
2017-05-01,36,32.4390243902439
2017-05-01,37,37.804878048780488
2017-05-01,38,33.658536585365859
2017-05-01,39,35.609756097560975
2017-05-01,40,30.243902439024389
2017-05-01,41,34.146341463414636
2017-05-01,42,41.463414634146339
2017-05-01,43,32.926829268292686
2017-05-01,44,34.634146341463413
2017-05-01,45,32.926829268292686
2017-05-01,46,31.951219512195124
2017-05-01,47,41.463414634146339
2017-05-01,48,33.414634146341463
2017-05-01,49,31.219512195121951
2017-05-01,50,36.341463414634148
2017-05-01,51,36.829268292682926
2017-05-01,52,34.390243902439025
2017-05-01,53,32.4390243902439
2017-05-01,54,33.414634146341463
2017-05-01,55,35.853658536585364
2017-05-01,56,35.121951219512191
2017-05-01,57,30.975609756097562
2017-05-01,58,33.902439024390247
2017-05-01,59,32.926829268292686
2017-05-01,60,31.219512195121951
2017-05-01,61,24.878048780487806
2017-05-01,62,12.439024390243903
2017-06-01,0,100.0
2017-06-01,1,20.54263565891473
2017-06-01,2,24.031007751937985
2017-06-01,3,31.3953488372093
2017-06-01,4,27.906976744186046
2017-06-01,5,31.007751937984494
2017-06-01,6,32.558139534883722
2017-06-01,7,30.232558139534881
2017-06-01,8,27.519379844961239
2017-06-01,9,30.620155038759687
2017-06-01,10,34.108527131782942
2017-06-01,11,28.68217054263566
2017-06-01,12,32.170542635658919
2017-06-01,13,30.620155038759687
2017-06-01,14,29.844961240310074
2017-06-01,15,37.5968992248062
2017-06-01,16,27.519379844961239
2017-06-01,17,27.519379844961239
2017-06-01,18,35.271317829457367
2017-06-01,19,29.457364341085274
2017-06-01,20,29.457364341085274
2017-06-01,21,36.434108527131784
2017-06-01,22,29.069767441860467
2017-06-01,23,30.232558139534881
2017-06-01,24,29.844961240310074
2017-06-01,25,33.333333333333329
2017-06-01,26,31.007751937984494
2017-06-01,27,32.170542635658919
2017-06-01,28,29.069767441860467
2017-06-01,29,29.844961240310074
2017-06-01,30,24.031007751937985
2017-06-01,31,50.3875968992248
2017-06-01,32,29.069767441860467
2017-06-01,33,30.620155038759687
2017-06-01,34,32.170542635658919
2017-06-01,35,30.620155038759687
2017-06-01,36,29.844961240310074
2017-06-01,37,35.271317829457367
2017-06-01,38,26.744186046511626
2017-06-01,39,31.007751937984494
2017-06-01,40,27.906976744186046
2017-06-01,41,41.085271317829459
2017-06-01,42,29.457364341085274
2017-06-01,43,29.069767441860467
2017-06-01,44,31.782945736434108
2017-06-01,45,27.519379844961239
2017-06-01,46,34.496124031007753
2017-06-01,47,31.3953488372093
2017-06-01,48,31.007751937984494
2017-06-01,49,32.558139534883722
2017-06-01,50,29.457364341085274
2017-06-01,51,28.294573643410853
2017-06-01,52,31.782945736434108
2017-06-01,53,29.844961240310074
2017-06-01,54,30.232558139534881
2017-06-01,55,33.333333333333329
2017-06-01,56,29.069767441860467
2017-06-01,57,28.294573643410853
2017-06-01,58,30.620155038759687
2017-06-01,59,25.968992248062015
2017-06-01,60,22.480620155038761
2017-06-01,61,10.852713178294573
2017-07-01,0,100.0
2017-07-01,1,25.540679711637488
2017-07-01,2,29.145211122554066
2017-07-01,3,32.234809474768277
2017-07-01,4,30.792996910401648
2017-07-01,5,34.29454170957775
2017-07-01,6,34.088568486096811
2017-07-01,7,30.587023686920702
2017-07-01,8,33.779608650875389
2017-07-01,9,33.573635427394436
2017-07-01,10,35.427394438722963
2017-07-01,11,31.822863027806385
2017-07-01,12,35.118434603501548
2017-07-01,13,32.852729145211121
2017-07-01,14,32.646755921730175
2017-07-01,15,38.002059732234812
2017-07-01,16,31.307929969104016
2017-07-01,17,34.088568486096811
2017-07-01,18,32.44078269824923
2017-07-01,19,30.998970133882597
2017-07-01,20,43.048403707518027
2017-07-01,21,29.557157569515962
2017-07-01,22,32.44078269824923
2017-07-01,23,34.809474768280126
2017-07-01,24,34.9124613800206
2017-07-01,25,34.29454170957775
2017-07-01,26,33.161688980432544
2017-07-01,27,34.29454170957775
2017-07-01,28,31.822863027806385
2017-07-01,29,31.616889804325439
2017-07-01,30,53.038105046343972
2017-07-01,31,28.115345005149329
2017-07-01,32,32.749742533470652
2017-07-01,33,32.028836251287338
2017-07-01,34,33.264675592173013
2017-07-01,35,33.36766220391349
2017-07-01,36,35.221421215242017
2017-07-01,37,32.646755921730175
2017-07-01,38,33.676622039134912
2017-07-01,39,31.616889804325439
2017-07-01,40,42.121524201853759
2017-07-01,41,30.690010298661175
2017-07-01,42,34.603501544799173
2017-07-01,43,32.44078269824923
2017-07-01,44,32.852729145211121
2017-07-01,45,36.148300720906285
2017-07-01,46,33.882595262615858
2017-07-01,47,32.9557157569516
2017-07-01,48,33.264675592173013
2017-07-01,49,34.397528321318227
2017-07-01,50,33.573635427394436
2017-07-01,51,33.470648815653966
2017-07-01,52,32.749742533470652
2017-07-01,53,32.9557157569516
2017-07-01,54,33.779608650875389
2017-07-01,55,32.44078269824923
2017-07-01,56,31.925849639546861
2017-07-01,57,32.028836251287338
2017-07-01,58,30.175077239958803
2017-07-01,59,25.128733264675589
2017-07-01,60,11.534500514933059
2017-08-01,0,100.0
2017-08-01,1,24.670433145009415
2017-08-01,2,33.145009416195862
2017-08-01,3,33.145009416195862
2017-08-01,4,35.028248587570623
2017-08-01,5,33.709981167608291
2017-08-01,6,33.333333333333329
2017-08-01,7,38.041431261770242
2017-08-01,8,35.404896421845571
2017-08-01,9,35.593220338983052
2017-08-01,10,33.333333333333329
2017-08-01,11,35.028248587570623
2017-08-01,12,36.534839924670429
2017-08-01,13,34.086629001883239
2017-08-01,14,37.099811676082858
2017-08-01,15,38.983050847457626
2017-08-01,16,34.463276836158194
2017-08-01,17,37.099811676082858
2017-08-01,18,31.638418079096049
2017-08-01,19,33.52165725047081
2017-08-01,20,46.516007532956685
2017-08-01,21,31.826741996233523
2017-08-01,22,36.346516007532955
2017-08-01,23,35.2165725047081
2017-08-01,24,36.158192090395481
2017-08-01,25,35.028248587570623
2017-08-01,26,34.839924670433149
2017-08-01,27,35.404896421845571
2017-08-01,28,35.028248587570623
2017-08-01,29,29.943502824858758
2017-08-01,30,54.990583804143121
2017-08-01,31,33.333333333333329
2017-08-01,32,34.651600753295668
2017-08-01,33,35.781544256120526
2017-08-01,34,34.27495291902072
2017-08-01,35,32.7683615819209
2017-08-01,36,38.229755178907723
2017-08-01,37,36.911487758945391
2017-08-01,38,35.028248587570623
2017-08-01,39,29.378531073446329
2017-08-01,40,47.645951035781543
2017-08-01,41,35.028248587570623
2017-08-01,42,31.826741996233523
2017-08-01,43,37.288135593220339
2017-08-01,44,31.073446327683619
2017-08-01,45,41.807909604519772
2017-08-01,46,37.288135593220339
2017-08-01,47,32.015065913371
2017-08-01,48,35.969868173258
2017-08-01,49,32.956685499058381
2017-08-01,50,38.229755178907723
2017-08-01,51,33.333333333333329
2017-08-01,52,38.794726930320152
2017-08-01,53,35.969868173258
2017-08-01,54,32.20338983050847
2017-08-01,55,33.709981167608291
2017-08-01,56,33.52165725047081
2017-08-01,57,32.20338983050847
2017-08-01,58,28.8135593220339
2017-08-01,59,12.052730696798493
2017-09-01,0,100.0
2017-09-01,1,26.725663716814157
2017-09-01,2,30.265486725663713
2017-09-01,3,31.150442477876105
2017-09-01,4,34.513274336283182
2017-09-01,5,30.796460176991154
2017-09-01,6,34.159292035398231
2017-09-01,7,33.097345132743364
2017-09-01,8,35.044247787610622
2017-09-01,9,34.86725663716814
2017-09-01,10,34.86725663716814
2017-09-01,11,35.575221238938056
2017-09-01,12,32.743362831858406
2017-09-01,13,33.6283185840708
2017-09-01,14,34.86725663716814
2017-09-01,15,40.176991150442475
2017-09-01,16,33.6283185840708
2017-09-01,17,32.56637168141593
2017-09-01,18,32.920353982300888
2017-09-01,19,37.168141592920357
2017-09-01,20,36.8141592920354
2017-09-01,21,32.920353982300888
2017-09-01,22,35.752212389380531
2017-09-01,23,36.991150442477874
2017-09-01,24,33.097345132743364
2017-09-01,25,34.513274336283182
2017-09-01,26,32.920353982300888
2017-09-01,27,35.398230088495573
2017-09-01,28,29.026548672566371
2017-09-01,29,55.2212389380531
2017-09-01,30,30.088495575221241
2017-09-01,31,32.389380530973447
2017-09-01,32,34.336283185840713
2017-09-01,33,33.982300884955748
2017-09-01,34,33.982300884955748
2017-09-01,35,37.69911504424779
2017-09-01,36,31.504424778761063
2017-09-01,37,33.805309734513273
2017-09-01,38,32.743362831858406
2017-09-01,39,41.415929203539825
2017-09-01,40,32.389380530973447
2017-09-01,41,31.504424778761063
2017-09-01,42,36.10619469026549
2017-09-01,43,31.504424778761063
2017-09-01,44,42.30088495575221
2017-09-01,45,33.6283185840708
2017-09-01,46,31.327433628318584
2017-09-01,47,36.637168141592916
2017-09-01,48,32.389380530973447
2017-09-01,49,37.69911504424779
2017-09-01,50,32.56637168141593
2017-09-01,51,35.398230088495573
2017-09-01,52,33.274336283185839
2017-09-01,53,31.858407079646017
2017-09-01,54,33.805309734513273
2017-09-01,55,32.389380530973447
2017-09-01,56,30.442477876106196
2017-09-01,57,25.309734513274336
2017-09-01,58,10.79646017699115
2017-10-01,0,100.0
2017-10-01,1,25.980392156862749
2017-10-01,2,32.6797385620915
2017-10-01,3,31.862745098039213
2017-10-01,4,35.457516339869279
2017-10-01,5,33.006535947712415
2017-10-01,6,34.477124183006538
2017-10-01,7,36.601307189542482
2017-10-01,8,34.803921568627452
2017-10-01,9,36.274509803921568
2017-10-01,10,34.477124183006538
2017-10-01,11,34.313725490196077
2017-10-01,12,35.130718954248366
2017-10-01,13,35.294117647058826
2017-10-01,14,39.542483660130721
2017-10-01,15,35.130718954248366
2017-10-01,16,33.986928104575163
2017-10-01,17,35.130718954248366
2017-10-01,18,34.150326797385624
2017-10-01,19,43.137254901960787
2017-10-01,20,33.333333333333329
2017-10-01,21,35.947712418300654
2017-10-01,22,33.169934640522875
2017-10-01,23,34.150326797385624
2017-10-01,24,35.130718954248366
2017-10-01,25,35.947712418300654
2017-10-01,26,35.130718954248366
2017-10-01,27,33.006535947712415
2017-10-01,28,27.614379084967322
2017-10-01,29,58.333333333333336
2017-10-01,30,31.699346405228756
2017-10-01,31,32.6797385620915
2017-10-01,32,35.457516339869279
2017-10-01,33,35.294117647058826
2017-10-01,34,37.41830065359477
2017-10-01,35,32.6797385620915
2017-10-01,36,35.294117647058826
2017-10-01,37,34.803921568627452
2017-10-01,38,43.300653594771241
2017-10-01,39,34.150326797385624
2017-10-01,40,30.392156862745097
2017-10-01,41,35.784313725490193
2017-10-01,42,33.169934640522875
2017-10-01,43,42.3202614379085
2017-10-01,44,31.862745098039213
2017-10-01,45,36.764705882352942
2017-10-01,46,34.640522875816991
2017-10-01,47,33.333333333333329
2017-10-01,48,36.9281045751634
2017-10-01,49,35.62091503267974
2017-10-01,50,35.457516339869279
2017-10-01,51,35.457516339869279
2017-10-01,52,31.5359477124183
2017-10-01,53,35.62091503267974
2017-10-01,54,33.986928104575163
2017-10-01,55,32.026143790849673
2017-10-01,56,28.75816993464052
2017-10-01,57,11.928104575163399
2017-11-01,0,100.0
2017-11-01,1,22.664015904572565
2017-11-01,2,30.417495029821072
2017-11-01,3,30.417495029821072
2017-11-01,4,31.809145129224653
2017-11-01,5,31.411530815109344
2017-11-01,6,33.79721669980119
2017-11-01,7,33.20079522862823
2017-11-01,8,35.188866799204774
2017-11-01,9,34.1948310139165
2017-11-01,10,31.610337972166995
2017-11-01,11,35.785288270377734
2017-11-01,12,34.1948310139165
2017-11-01,13,32.206759443339962
2017-11-01,14,39.960238568588466
2017-11-01,15,27.435387673956264
2017-11-01,16,35.188866799204774
2017-11-01,17,31.809145129224653
2017-11-01,18,30.417495029821072
2017-11-01,19,42.942345924453278
2017-11-01,20,31.610337972166995
2017-11-01,21,33.399602385685881
2017-11-01,22,34.393638170974157
2017-11-01,23,32.206759443339962
2017-11-01,24,36.580516898608352
2017-11-01,25,31.809145129224653
2017-11-01,26,33.00198807157058
2017-11-01,27,29.622266401590458
2017-11-01,28,55.268389662027829
2017-11-01,29,29.025844930417495
2017-11-01,30,32.206759443339962
2017-11-01,31,32.604373757455271
2017-11-01,32,33.996023856858848
2017-11-01,33,32.007952286282304
2017-11-01,34,35.586481113320076
2017-11-01,35,34.990059642147116
2017-11-01,36,31.21272365805169
2017-11-01,37,31.013916500994039
2017-11-01,38,40.954274353876741
2017-11-01,39,32.405566600397613
2017-11-01,40,36.580516898608352
2017-11-01,41,30.218687872763418
2017-11-01,42,38.17097415506958
2017-11-01,43,32.206759443339962
2017-11-01,44,33.598409542743539
2017-11-01,45,35.785288270377734
2017-11-01,46,32.604373757455271
2017-11-01,47,33.996023856858848
2017-11-01,48,34.393638170974157
2017-11-01,49,33.996023856858848
2017-11-01,50,32.206759443339962
2017-11-01,51,33.79721669980119
2017-11-01,52,31.411530815109344
2017-11-01,53,33.399602385685881
2017-11-01,54,30.218687872763418
2017-11-01,55,25.646123260437374
2017-11-01,56,12.524850894632205
2017-12-01,0,100.0
2017-12-01,1,22.739726027397261
2017-12-01,2,21.643835616438356
2017-12-01,3,28.219178082191782
2017-12-01,4,26.575342465753426
2017-12-01,5,29.041095890410958
2017-12-01,6,29.589041095890412
2017-12-01,7,28.493150684931507
2017-12-01,8,28.493150684931507
2017-12-01,9,32.054794520547944
2017-12-01,10,26.301369863013697
2017-12-01,11,29.315068493150687
2017-12-01,12,28.767123287671232
2017-12-01,13,28.219178082191782
2017-12-01,14,33.424657534246577
2017-12-01,15,25.753424657534246
2017-12-01,16,29.589041095890412
2017-12-01,17,28.493150684931507
2017-12-01,18,30.410958904109592
2017-12-01,19,34.520547945205479
2017-12-01,20,29.315068493150687
2017-12-01,21,27.397260273972602
2017-12-01,22,29.863013698630137
2017-12-01,23,29.041095890410958
2017-12-01,24,28.219178082191782
2017-12-01,25,27.945205479452056
2017-12-01,26,27.397260273972602
2017-12-01,27,24.383561643835616
2017-12-01,28,50.958904109589042
2017-12-01,29,24.109589041095891
2017-12-01,30,27.397260273972602
2017-12-01,31,28.493150684931507
2017-12-01,32,31.506849315068493
2017-12-01,33,30.410958904109592
2017-12-01,34,28.493150684931507
2017-12-01,35,27.671232876712327
2017-12-01,36,26.849315068493151
2017-12-01,37,42.465753424657535
2017-12-01,38,24.383561643835616
2017-12-01,39,26.575342465753426
2017-12-01,40,32.328767123287669
2017-12-01,41,24.657534246575342
2017-12-01,42,36.712328767123289
2017-12-01,43,27.945205479452056
2017-12-01,44,32.87671232876712
2017-12-01,45,25.479452054794521
2017-12-01,46,31.506849315068493
2017-12-01,47,27.671232876712327
2017-12-01,48,27.123287671232877
2017-12-01,49,30.958904109589042
2017-12-01,50,27.397260273972602
2017-12-01,51,27.123287671232877
2017-12-01,52,28.493150684931507
2017-12-01,53,24.93150684931507
2017-12-01,54,21.36986301369863
2017-12-01,55,8.21917808219178
2018-01-01,0,100.0
2018-01-01,1,19.807692307692307
2018-01-01,2,25.576923076923073
2018-01-01,3,33.076923076923073
2018-01-01,4,28.076923076923077
2018-01-01,5,31.538461538461537
2018-01-01,6,32.307692307692307
2018-01-01,7,30.0
2018-01-01,8,30.961538461538463
2018-01-01,9,36.538461538461533
2018-01-01,10,28.26923076923077
2018-01-01,11,33.846153846153847
2018-01-01,12,32.11538461538462
2018-01-01,13,27.115384615384613
2018-01-01,14,35.57692307692308
2018-01-01,15,29.615384615384617
2018-01-01,16,31.92307692307692
2018-01-01,17,30.961538461538463
2018-01-01,18,41.346153846153847
2018-01-01,19,28.653846153846153
2018-01-01,20,30.0
2018-01-01,21,29.03846153846154
2018-01-01,22,35.769230769230766
2018-01-01,23,29.807692307692307
2018-01-01,24,33.653846153846153
2018-01-01,25,29.423076923076923
2018-01-01,26,27.884615384615387
2018-01-01,27,50.769230769230766
2018-01-01,28,27.884615384615387
2018-01-01,29,31.538461538461537
2018-01-01,30,31.153846153846153
2018-01-01,31,31.346153846153847
2018-01-01,32,28.653846153846153
2018-01-01,33,34.807692307692307
2018-01-01,34,31.153846153846153
2018-01-01,35,26.923076923076923
2018-01-01,36,43.846153846153847
2018-01-01,37,27.115384615384613
2018-01-01,38,33.076923076923073
2018-01-01,39,29.230769230769234
2018-01-01,40,29.230769230769234
2018-01-01,41,32.884615384615387
2018-01-01,42,34.230769230769234
2018-01-01,43,29.230769230769234
2018-01-01,44,34.807692307692307
2018-01-01,45,32.5
2018-01-01,46,30.0
2018-01-01,47,29.615384615384617
2018-01-01,48,33.076923076923073
2018-01-01,49,28.846153846153843
2018-01-01,50,31.153846153846153
2018-01-01,51,29.03846153846154
2018-01-01,52,29.423076923076923
2018-01-01,53,21.346153846153847
2018-01-01,54,11.923076923076923
2018-02-01,0,100.0
2018-02-01,1,24.521072796934863
2018-02-01,2,29.693486590038315
2018-02-01,3,35.249042145593869
2018-02-01,4,35.440613026819925
2018-02-01,5,36.206896551724135
2018-02-01,6,37.931034482758619
2018-02-01,7,33.14176245210728
2018-02-01,8,37.356321839080458
2018-02-01,9,36.206896551724135
2018-02-01,10,35.632183908045981
2018-02-01,11,36.973180076628353
2018-02-01,12,34.099616858237546
2018-02-01,13,38.505747126436781
2018-02-01,14,31.609195402298852
2018-02-01,15,38.314176245210732
2018-02-01,16,34.865900383141764
2018-02-01,17,31.609195402298852
2018-02-01,18,45.402298850574709
2018-02-01,19,33.90804597701149
2018-02-01,20,38.505747126436781
2018-02-01,21,37.356321839080458
2018-02-01,22,35.249042145593869
2018-02-01,23,36.206896551724135
2018-02-01,24,33.90804597701149
2018-02-01,25,36.7816091954023
2018-02-01,26,28.160919540229884
2018-02-01,27,54.78927203065134
2018-02-01,28,33.14176245210728
2018-02-01,29,35.05747126436782
2018-02-01,30,37.356321839080458
2018-02-01,31,36.973180076628353
2018-02-01,32,36.398467432950191
2018-02-01,33,35.632183908045981
2018-02-01,34,35.249042145593869
2018-02-01,35,30.842911877394634
2018-02-01,36,44.827586206896555
2018-02-01,37,34.482758620689658
2018-02-01,38,36.398467432950191
2018-02-01,39,34.099616858237546
2018-02-01,40,38.122605363984675
2018-02-01,41,33.333333333333329
2018-02-01,42,36.59003831417624
2018-02-01,43,37.547892720306514
2018-02-01,44,33.333333333333329
2018-02-01,45,36.206896551724135
2018-02-01,46,35.440613026819925
2018-02-01,47,36.973180076628353
2018-02-01,48,33.333333333333329
2018-02-01,49,34.865900383141764
2018-02-01,50,35.82375478927203
2018-02-01,51,33.90804597701149
2018-02-01,52,27.586206896551722
2018-02-01,53,12.260536398467432
2018-03-01,0,100.0
2018-03-01,1,27.964601769911507
2018-03-01,2,31.681415929203538
2018-03-01,3,32.56637168141593
2018-03-01,4,34.86725663716814
2018-03-01,5,33.982300884955748
2018-03-01,6,34.513274336283182
2018-03-01,7,33.982300884955748
2018-03-01,8,36.460176991150448
2018-03-01,9,34.690265486725664
2018-03-01,10,36.10619469026549
2018-03-01,11,33.982300884955748
2018-03-01,12,33.982300884955748
2018-03-01,13,38.053097345132741
2018-03-01,14,34.86725663716814
2018-03-01,15,34.690265486725664
2018-03-01,16,34.513274336283182
2018-03-01,17,36.460176991150448
2018-03-01,18,36.10619469026549
2018-03-01,19,34.86725663716814
2018-03-01,20,35.398230088495573
2018-03-01,21,36.991150442477874
2018-03-01,22,33.805309734513273
2018-03-01,23,34.159292035398231
2018-03-01,24,34.86725663716814
2018-03-01,25,30.973451327433626
2018-03-01,26,55.398230088495573
2018-03-01,27,30.796460176991154
2018-03-01,28,34.86725663716814
2018-03-01,29,35.2212389380531
2018-03-01,30,33.274336283185839
2018-03-01,31,36.8141592920354
2018-03-01,32,33.6283185840708
2018-03-01,33,38.053097345132741
2018-03-01,34,30.619469026548675
2018-03-01,35,43.1858407079646
2018-03-01,36,32.743362831858406
2018-03-01,37,33.451327433628322
2018-03-01,38,36.991150442477874
2018-03-01,39,37.69911504424779
2018-03-01,40,35.2212389380531
2018-03-01,41,34.159292035398231
2018-03-01,42,35.752212389380531
2018-03-01,43,34.159292035398231
2018-03-01,44,35.044247787610622
2018-03-01,45,35.2212389380531
2018-03-01,46,35.752212389380531
2018-03-01,47,31.858407079646017
2018-03-01,48,35.575221238938056
2018-03-01,49,32.920353982300888
2018-03-01,50,32.920353982300888
2018-03-01,51,27.43362831858407
2018-03-01,52,12.389380530973451
2018-04-01,0,100.0
2018-04-01,1,24.344569288389515
2018-04-01,2,28.464419475655429
2018-04-01,3,32.209737827715358
2018-04-01,4,31.460674157303369
2018-04-01,5,32.958801498127336
2018-04-01,6,32.584269662921351
2018-04-01,7,33.895131086142321
2018-04-01,8,34.831460674157306
2018-04-01,9,33.146067415730336
2018-04-01,10,33.707865168539328
2018-04-01,11,30.898876404494381
2018-04-01,12,33.333333333333329
2018-04-01,13,41.011235955056179
2018-04-01,14,30.524344569288392
2018-04-01,15,32.771535580524343
2018-04-01,16,34.082397003745321
2018-04-01,17,40.262172284644194
2018-04-01,18,29.588014981273407
2018-04-01,19,35.0187265917603
2018-04-01,20,33.520599250936328
2018-04-01,21,34.456928838951313
2018-04-01,22,33.707865168539328
2018-04-01,23,32.771535580524343
2018-04-01,24,33.333333333333329
2018-04-01,25,25.842696629213485
2018-04-01,26,54.119850187265918
2018-04-01,27,30.898876404494381
2018-04-01,28,34.644194756554306
2018-04-01,29,32.022471910112358
2018-04-01,30,34.269662921348313
2018-04-01,31,35.0187265917603
2018-04-01,32,34.269662921348313
2018-04-01,33,33.333333333333329
2018-04-01,34,37.827715355805239
2018-04-01,35,31.086142322097377
2018-04-01,36,33.333333333333329
2018-04-01,37,32.397003745318351
2018-04-01,38,32.958801498127336
2018-04-01,39,38.389513108614231
2018-04-01,40,31.460674157303369
2018-04-01,41,35.767790262172284
2018-04-01,42,32.209737827715358
2018-04-01,43,34.644194756554306
2018-04-01,44,34.082397003745321
2018-04-01,45,34.082397003745321
2018-04-01,46,30.898876404494381
2018-04-01,47,33.895131086142321
2018-04-01,48,29.962546816479403
2018-04-01,49,32.958801498127336
2018-04-01,50,26.591760299625467
2018-04-01,51,8.239700374531834
2018-05-01,0,100.0
2018-05-01,1,25.46201232032854
2018-05-01,2,30.184804928131413
2018-05-01,3,33.264887063655031
2018-05-01,4,32.238193018480494
2018-05-01,5,36.139630390143736
2018-05-01,6,33.675564681724843
2018-05-01,7,33.880903490759756
2018-05-01,8,35.523613963039011
2018-05-01,9,30.390143737166326
2018-05-01,10,37.371663244353179
2018-05-01,11,34.086242299794662
2018-05-01,12,34.70225872689938
2018-05-01,13,35.523613963039011
2018-05-01,14,33.675564681724843
2018-05-01,15,36.139630390143736
2018-05-01,16,29.979466119096511
2018-05-01,17,47.227926078028744
2018-05-01,18,32.854209445585212
2018-05-01,19,33.675564681724843
2018-05-01,20,36.755646817248461
2018-05-01,21,33.675564681724843
2018-05-01,22,35.318275154004105
2018-05-01,23,30.184804928131413
2018-05-01,24,33.264887063655031
2018-05-01,25,51.950718685831617
2018-05-01,26,31.211498973305957
2018-05-01,27,33.264887063655031
2018-05-01,28,33.264887063655031
2018-05-01,29,33.880903490759756
2018-05-01,30,37.782340862423
2018-05-01,31,32.238193018480494
2018-05-01,32,34.291581108829568
2018-05-01,33,27.720739219712527
2018-05-01,34,48.049281314168383
2018-05-01,35,33.675564681724843
2018-05-01,36,35.93429158110883
2018-05-01,37,30.390143737166326
2018-05-01,38,40.246406570841891
2018-05-01,39,33.264887063655031
2018-05-01,40,37.577002053388092
2018-05-01,41,34.086242299794662
2018-05-01,42,35.1129363449692
2018-05-01,43,32.4435318275154
2018-05-01,44,35.318275154004105
2018-05-01,45,35.1129363449692
2018-05-01,46,32.648870636550306
2018-05-01,47,32.032854209445581
2018-05-01,48,33.059548254620125
2018-05-01,49,26.899383983572893
2018-05-01,50,11.909650924024641
2018-06-01,0,100.0
2018-06-01,1,26.170798898071624
2018-06-01,2,27.27272727272727
2018-06-01,3,28.650137741046834
2018-06-01,4,28.925619834710741
2018-06-01,5,28.650137741046834
2018-06-01,6,33.608815426997246
2018-06-01,7,31.129476584022036
2018-06-01,8,29.476584022038566
2018-06-01,9,30.303030303030305
2018-06-01,10,30.853994490358126
2018-06-01,11,30.02754820936639
2018-06-01,12,34.435261707988978
2018-06-01,13,30.02754820936639
2018-06-01,14,31.129476584022036
2018-06-01,15,29.75206611570248
2018-06-01,16,35.537190082644628
2018-06-01,17,31.955922865013775
2018-06-01,18,31.404958677685951
2018-06-01,19,31.129476584022036
2018-06-01,20,29.476584022038566
2018-06-01,21,32.782369146005507
2018-06-01,22,29.201101928374655
2018-06-01,23,29.75206611570248
2018-06-01,24,23.415977961432507
2018-06-01,25,55.371900826446286
2018-06-01,26,28.650137741046834
2018-06-01,27,28.374655647382919
2018-06-01,28,33.333333333333329
2018-06-01,29,28.374655647382919
2018-06-01,30,30.853994490358126
2018-06-01,31,30.853994490358126
2018-06-01,32,25.895316804407713
2018-06-01,33,40.22038567493113
2018-06-01,34,28.925619834710741
2018-06-01,35,31.955922865013775
2018-06-01,36,27.823691460055095
2018-06-01,37,38.292011019283748
2018-06-01,38,28.374655647382919
2018-06-01,39,30.02754820936639
2018-06-01,40,29.75206611570248
2018-06-01,41,31.680440771349861
2018-06-01,42,32.5068870523416
2018-06-01,43,30.02754820936639
2018-06-01,44,28.099173553719009
2018-06-01,45,30.853994490358126
2018-06-01,46,26.997245179063363
2018-06-01,47,31.955922865013775
2018-06-01,48,22.589531680440771
2018-06-01,49,8.2644628099173563
2018-07-01,0,100.0
2018-07-01,1,26.684881602914391
2018-07-01,2,30.965391621129324
2018-07-01,3,32.513661202185787
2018-07-01,4,33.606557377049178
2018-07-01,5,35.063752276867035
2018-07-01,6,36.6120218579235
2018-07-01,7,31.602914389799636
2018-07-01,8,37.7959927140255
2018-07-01,9,31.967213114754102
2018-07-01,10,37.158469945355193
2018-07-01,11,33.697632058287795
2018-07-01,12,41.803278688524593
2018-07-01,13,32.96903460837887
2018-07-01,14,35.336976320582878
2018-07-01,15,33.242258652094719
2018-07-01,16,46.721311475409841
2018-07-01,17,30.783242258652095
2018-07-01,18,36.0655737704918
2018-07-01,19,34.42622950819672
2018-07-01,20,35.428051001821494
2018-07-01,21,34.790528233151186
2018-07-01,22,34.244080145719494
2018-07-01,23,32.240437158469945
2018-07-01,24,56.9216757741348
2018-07-01,25,31.785063752276866
2018-07-01,26,31.876138433515482
2018-07-01,27,34.517304189435336
2018-07-01,28,36.97632058287796
2018-07-01,29,35.883424408014569
2018-07-01,30,35.428051001821494
2018-07-01,31,32.240437158469945
2018-07-01,32,44.899817850637525
2018-07-01,33,32.240437158469945
2018-07-01,34,32.96903460837887
2018-07-01,35,35.336976320582878
2018-07-01,36,39.799635701275044
2018-07-01,37,34.061930783242261
2018-07-01,38,34.699453551912569
2018-07-01,39,37.158469945355193
2018-07-01,40,36.885245901639344
2018-07-01,41,32.058287795992712
2018-07-01,42,38.797814207650269
2018-07-01,43,32.695810564663027
2018-07-01,44,34.881602914389795
2018-07-01,45,32.240437158469945
2018-07-01,46,32.786885245901637
2018-07-01,47,28.142076502732237
2018-07-01,48,13.205828779599271
2018-08-01,0,100.0
2018-08-01,1,25.914149443561207
2018-08-01,2,30.842607313195547
2018-08-01,3,32.114467408585057
2018-08-01,4,35.294117647058826
2018-08-01,5,33.227344992050874
2018-08-01,6,32.750397456279813
2018-08-01,7,33.068362480127185
2018-08-01,8,37.201907790143082
2018-08-01,9,36.406995230524643
2018-08-01,10,33.704292527821941
2018-08-01,11,31.955484896661368
2018-08-01,12,43.08426073131956
2018-08-01,13,32.114467408585057
2018-08-01,14,34.658187599364069
2018-08-01,15,31.001589825119236
2018-08-01,16,45.627980922098573
2018-08-01,17,34.340222575516691
2018-08-01,18,33.545310015898252
2018-08-01,19,35.930047694753576
2018-08-01,20,34.49920508744038
2018-08-01,21,34.49920508744038
2018-08-01,22,34.022257551669313
2018-08-01,23,28.7758346581876
2018-08-01,24,57.869634340222575
2018-08-01,25,30.047694753577108
2018-08-01,26,35.771065182829886
2018-08-01,27,35.6120826709062
2018-08-01,28,36.565977742448332
2018-08-01,29,32.432432432432435
2018-08-01,30,35.930047694753576
2018-08-01,31,30.365659777424479
2018-08-01,32,45.945945945945951
2018-08-01,33,32.591414944356124
2018-08-01,34,33.545310015898252
2018-08-01,35,33.227344992050874
2018-08-01,36,41.653418124006357
2018-08-01,37,32.750397456279813
2018-08-01,38,36.248012718600954
2018-08-01,39,35.453100158982515
2018-08-01,40,35.930047694753576
2018-08-01,41,35.453100158982515
2018-08-01,42,33.545310015898252
2018-08-01,43,35.453100158982515
2018-08-01,44,32.273449920508746
2018-08-01,45,32.909379968203496
2018-08-01,46,28.7758346581876
2018-08-01,47,13.990461049284578
2018-09-01,0,100.0
2018-09-01,1,30.046948356807512
2018-09-01,2,31.455399061032864
2018-09-01,3,32.3943661971831
2018-09-01,4,35.68075117370892
2018-09-01,5,33.802816901408448
2018-09-01,6,35.837245696400629
2018-09-01,7,34.272300469483568
2018-09-01,8,36.93270735524257
2018-09-01,9,33.333333333333329
2018-09-01,10,38.497652582159624
2018-09-01,11,35.993740219092331
2018-09-01,12,38.341158059467915
2018-09-01,13,37.245696400625974
2018-09-01,14,35.837245696400629
2018-09-01,15,39.593114241001565
2018-09-01,16,39.123630672926446
2018-09-01,17,34.42879499217527
2018-09-01,18,36.46322378716745
2018-09-01,19,36.776212832550861
2018-09-01,20,35.68075117370892
2018-09-01,21,36.15023474178404
2018-09-01,22,32.081377151799693
2018-09-01,23,56.338028169014088
2018-09-01,24,29.890453834115803
2018-09-01,25,36.46322378716745
2018-09-01,26,34.115805946791859
2018-09-01,27,33.959311424100157
2018-09-01,28,40.375586854460096
2018-09-01,29,32.550860719874805
2018-09-01,30,33.646322378716746
2018-09-01,31,45.852895148669795
2018-09-01,32,34.585289514866979
2018-09-01,33,35.837245696400629
2018-09-01,34,35.0547730829421
2018-09-01,35,40.532081377151805
2018-09-01,36,35.2112676056338
2018-09-01,37,38.654147104851326
2018-09-01,38,33.959311424100157
2018-09-01,39,36.306729264475749
2018-09-01,40,33.802816901408448
2018-09-01,41,36.776212832550861
2018-09-01,42,35.2112676056338
2018-09-01,43,33.489827856025038
2018-09-01,44,32.081377151799693
2018-09-01,45,29.107981220657276
2018-09-01,46,11.893583724569639
2018-10-01,0,100.0
2018-10-01,1,25.795053003533567
2018-10-01,2,30.03533568904594
2018-10-01,3,31.978798586572438
2018-10-01,4,32.332155477031804
2018-10-01,5,35.159010600706715
2018-10-01,6,35.3356890459364
2018-10-01,7,36.74911660777385
2018-10-01,8,34.805653710247348
2018-10-01,9,38.339222614840992
2018-10-01,10,33.03886925795053
2018-10-01,11,37.102473498233216
2018-10-01,12,35.689045936395758
2018-10-01,13,34.098939929328623
2018-10-01,14,32.862190812720847
2018-10-01,15,45.229681978798588
2018-10-01,16,32.508833922261481
2018-10-01,17,33.745583038869256
2018-10-01,18,37.809187279151942
2018-10-01,19,33.568904593639573
2018-10-01,20,34.098939929328623
2018-10-01,21,36.219081272084807
2018-10-01,22,27.031802120141339
2018-10-01,23,56.537102473498237
2018-10-01,24,33.03886925795053
2018-10-01,25,32.862190812720847
2018-10-01,26,34.805653710247348
2018-10-01,27,39.929328621908127
2018-10-01,28,30.565371024734983
2018-10-01,29,35.159010600706715
2018-10-01,30,43.286219081272087
2018-10-01,31,33.03886925795053
2018-10-01,32,33.03886925795053
2018-10-01,33,35.865724381625441
2018-10-01,34,39.399293286219084
2018-10-01,35,32.508833922261481
2018-10-01,36,37.632508833922259
2018-10-01,37,34.098939929328623
2018-10-01,38,35.159010600706715
2018-10-01,39,36.219081272084807
2018-10-01,40,33.215547703180206
2018-10-01,41,31.802120141342755
2018-10-01,42,34.275618374558306
2018-10-01,43,32.155477031802121
2018-10-01,44,27.738515901060069
2018-10-01,45,13.604240282685511
2018-11-01,0,100.0
2018-11-01,1,21.53846153846154
2018-11-01,2,25.811965811965816
2018-11-01,3,28.205128205128204
2018-11-01,4,27.521367521367523
2018-11-01,5,31.282051282051281
2018-11-01,6,30.427350427350426
2018-11-01,7,32.649572649572647
2018-11-01,8,28.547008547008545
2018-11-01,9,33.162393162393158
2018-11-01,10,28.888888888888886
2018-11-01,11,36.068376068376068
2018-11-01,12,28.376068376068375
2018-11-01,13,31.452991452991451
2018-11-01,14,27.179487179487179
2018-11-01,15,39.145299145299148
2018-11-01,16,27.008547008547009
2018-11-01,17,29.914529914529915
2018-11-01,18,33.333333333333329
2018-11-01,19,29.743589743589745
2018-11-01,20,30.427350427350426
2018-11-01,21,29.059829059829063
2018-11-01,22,54.188034188034187
2018-11-01,23,24.957264957264957
2018-11-01,24,27.692307692307693
2018-11-01,25,31.111111111111111
2018-11-01,26,30.256410256410255
2018-11-01,27,30.085470085470085
2018-11-01,28,29.401709401709404
2018-11-01,29,26.153846153846157
2018-11-01,30,41.367521367521363
2018-11-01,31,27.521367521367523
2018-11-01,32,32.649572649572647
2018-11-01,33,35.8974358974359
2018-11-01,34,27.179487179487179
2018-11-01,35,29.059829059829063
2018-11-01,36,30.5982905982906
2018-11-01,37,31.282051282051281
2018-11-01,38,32.991452991452988
2018-11-01,39,26.837606837606838
2018-11-01,40,31.623931623931622
2018-11-01,41,28.547008547008545
2018-11-01,42,27.521367521367523
2018-11-01,43,24.615384615384617
2018-11-01,44,11.282051282051283
2018-12-01,0,100.0
2018-12-01,1,18.635170603674542
2018-12-01,2,20.209973753280842
2018-12-01,3,25.984251968503933
2018-12-01,4,28.083989501312335
2018-12-01,5,27.296587926509186
2018-12-01,6,26.509186351706038
2018-12-01,7,28.083989501312335
2018-12-01,8,27.821522309711288
2018-12-01,9,31.496062992125985
2018-12-01,10,22.57217847769029
2018-12-01,11,34.120734908136484
2018-12-01,12,26.771653543307089
2018-12-01,13,25.72178477690289
2018-12-01,14,27.821522309711288
2018-12-01,15,34.645669291338585
2018-12-01,16,28.083989501312335
2018-12-01,17,26.246719160104988
2018-12-01,18,28.346456692913385
2018-12-01,19,27.034120734908136
2018-12-01,20,27.559055118110237
2018-12-01,21,21.522309711286088
2018-12-01,22,51.706036745406827
2018-12-01,23,22.834645669291341
2018-12-01,24,26.771653543307089
2018-12-01,25,27.821522309711288
2018-12-01,26,30.446194225721783
2018-12-01,27,24.934383202099738
2018-12-01,28,25.196850393700785
2018-12-01,29,41.469816272965879
2018-12-01,30,22.047244094488189
2018-12-01,31,26.509186351706038
2018-12-01,32,28.346456692913385
2018-12-01,33,32.020997375328086
2018-12-01,34,25.196850393700785
2018-12-01,35,31.233595800524931
2018-12-01,36,30.708661417322837
2018-12-01,37,25.196850393700785
2018-12-01,38,27.559055118110237
2018-12-01,39,24.671916010498688
2018-12-01,40,25.196850393700785
2018-12-01,41,27.559055118110237
2018-12-01,42,19.160104986876643
2018-12-01,43,8.3989501312335957
2019-01-01,0,100.0
2019-01-01,1,21.161048689138575
2019-01-01,2,30.1498127340824
2019-01-01,3,32.022471910112358
2019-01-01,4,32.584269662921351
2019-01-01,5,34.831460674157306
2019-01-01,6,33.520599250936328
2019-01-01,7,33.707865168539328
2019-01-01,8,32.397003745318351
2019-01-01,9,35.2059925093633
2019-01-01,10,34.456928838951313
2019-01-01,11,35.580524344569284
2019-01-01,12,34.831460674157306
2019-01-01,13,31.273408239700373
2019-01-01,14,43.445692883895134
2019-01-01,15,29.213483146067414
2019-01-01,16,35.767790262172284
2019-01-01,17,33.707865168539328
2019-01-01,18,32.771535580524343
2019-01-01,19,35.2059925093633
2019-01-01,20,30.337078651685395
2019-01-01,21,53.183520599250933
2019-01-01,22,26.966292134831459
2019-01-01,23,32.209737827715358
2019-01-01,24,36.329588014981276
2019-01-01,25,30.524344569288392
2019-01-01,26,34.456928838951313
2019-01-01,27,33.520599250936328
2019-01-01,28,43.445692883895134
2019-01-01,29,31.086142322097377
2019-01-01,30,33.895131086142321
2019-01-01,31,31.273408239700373
2019-01-01,32,38.014981273408239
2019-01-01,33,33.895131086142321
2019-01-01,34,35.0187265917603
2019-01-01,35,33.895131086142321
2019-01-01,36,32.584269662921351
2019-01-01,37,34.082397003745321
2019-01-01,38,32.584269662921351
2019-01-01,39,31.835205992509362
2019-01-01,40,32.584269662921351
2019-01-01,41,26.40449438202247
2019-01-01,42,11.610486891385769
2019-02-01,0,100.0
2019-02-01,1,20.91917591125198
2019-02-01,2,27.099841521394612
2019-02-01,3,31.061806656101425
2019-02-01,4,28.050713153724249
2019-02-01,5,32.9635499207607
2019-02-01,6,29.001584786053879
2019-02-01,7,33.122028526148974
2019-02-01,8,33.75594294770206
2019-02-01,9,30.903328050713153
2019-02-01,10,36.767036450079239
2019-02-01,11,29.793977812995248
2019-02-01,12,31.378763866877975
2019-02-01,13,27.416798732171156
2019-02-01,14,41.204437400950873
2019-02-01,15,30.744849445324878
2019-02-01,16,30.427892234548338
2019-02-01,17,31.378763866877975
2019-02-01,18,32.329635499207612
2019-02-01,19,30.110935023771791
2019-02-01,20,27.099841521394612
2019-02-01,21,55.625990491283673
2019-02-01,22,26.62440570522979
2019-02-01,23,32.646592709984148
2019-02-01,24,29.160063391442154
2019-02-01,25,30.903328050713153
2019-02-01,26,31.85419968304279
2019-02-01,27,31.378763866877975
2019-02-01,28,37.717908082408876
2019-02-01,29,28.209191759112517
2019-02-01,30,33.597464342313785
2019-02-01,31,38.193343898573694
2019-02-01,32,28.526148969889064
2019-02-01,33,32.48811410459588
2019-02-01,34,32.646592709984148
2019-02-01,35,32.805071315372423
2019-02-01,36,30.58637083993661
2019-02-01,37,29.001584786053879
2019-02-01,38,30.110935023771791
2019-02-01,39,27.892234548335974
2019-02-01,40,26.62440570522979
2019-02-01,41,9.8256735340729
2019-03-01,0,100.0
2019-03-01,1,30.180180180180184
2019-03-01,2,32.432432432432435
2019-03-01,3,34.534534534534536
2019-03-01,4,36.036036036036037
2019-03-01,5,39.489489489489486
2019-03-01,6,37.387387387387392
2019-03-01,7,37.237237237237238
2019-03-01,8,37.087087087087092
2019-03-01,9,35.435435435435437
2019-03-01,10,42.042042042042041
2019-03-01,11,33.933933933933936
2019-03-01,12,38.738738738738739
2019-03-01,13,36.336336336336338
2019-03-01,14,40.990990990990987
2019-03-01,15,37.237237237237238
2019-03-01,16,37.387387387387392
2019-03-01,17,37.837837837837839
2019-03-01,18,36.636636636636638
2019-03-01,19,33.633633633633636
2019-03-01,20,55.1051051051051
2019-03-01,21,32.132132132132128
2019-03-01,22,34.984984984984983
2019-03-01,23,39.039039039039039
2019-03-01,24,36.936936936936938
2019-03-01,25,36.036036036036037
2019-03-01,26,34.684684684684683
2019-03-01,27,44.5945945945946
2019-03-01,28,34.684684684684683
2019-03-01,29,39.039039039039039
2019-03-01,30,40.390390390390394
2019-03-01,31,35.135135135135137
2019-03-01,32,35.885885885885891
2019-03-01,33,35.585585585585584
2019-03-01,34,37.837837837837839
2019-03-01,35,38.588588588588593
2019-03-01,36,35.285285285285283
2019-03-01,37,36.486486486486484
2019-03-01,38,35.135135135135137
2019-03-01,39,28.678678678678676
2019-03-01,40,14.414414414414415
2019-04-01,0,100.0
2019-04-01,1,26.887661141804784
2019-04-01,2,31.675874769797424
2019-04-01,3,35.727440147329645
2019-04-01,4,34.438305709023943
2019-04-01,5,35.727440147329645
2019-04-01,6,38.489871086556171
2019-04-01,7,35.727440147329645
2019-04-01,8,39.410681399631677
2019-04-01,9,33.333333333333329
2019-04-01,10,39.410681399631677
2019-04-01,11,36.648250460405158
2019-04-01,12,34.806629834254146
2019-04-01,13,46.777163904235728
2019-04-01,14,33.885819521178639
2019-04-01,15,34.438305709023943
2019-04-01,16,40.331491712707184
2019-04-01,17,37.200736648250462
2019-04-01,18,35.174953959484348
2019-04-01,19,28.913443830570902
2019-04-01,20,57.6427255985267
2019-04-01,21,33.149171270718227
2019-04-01,22,34.438305709023943
2019-04-01,23,36.648250460405158
2019-04-01,24,38.121546961325969
2019-04-01,25,35.727440147329645
2019-04-01,26,45.303867403314918
2019-04-01,27,32.780847145488032
2019-04-01,28,37.384898710865563
2019-04-01,29,32.044198895027627
2019-04-01,30,40.883977900552487
2019-04-01,31,35.911602209944753
2019-04-01,32,38.489871086556171
2019-04-01,33,37.384898710865563
2019-04-01,34,34.806629834254146
2019-04-01,35,35.727440147329645
2019-04-01,36,34.806629834254146
2019-04-01,37,33.51749539594843
2019-04-01,38,30.202578268876611
2019-04-01,39,14.548802946593002
2019-05-01,0,100.0
2019-05-01,1,21.273031825795645
2019-05-01,2,29.98324958123953
2019-05-01,3,28.643216080402013
2019-05-01,4,31.658291457286431
2019-05-01,5,31.155778894472363
2019-05-01,6,32.830820770519267
2019-05-01,7,32.495812395309883
2019-05-01,8,33.333333333333329
2019-05-01,9,32.495812395309883
2019-05-01,10,35.343383584589617
2019-05-01,11,31.155778894472363
2019-05-01,12,28.978224455611389
2019-05-01,13,40.033500837520933
2019-05-01,14,31.993299832495815
2019-05-01,15,33.835845896147404
2019-05-01,16,31.490787269681743
2019-05-01,17,32.328308207705192
2019-05-01,18,28.475711892797317
2019-05-01,19,53.433835845896148
2019-05-01,20,26.968174204355112
2019-05-01,21,28.308207705192629
2019-05-01,22,31.993299832495815
2019-05-01,23,33.668341708542712
2019-05-01,24,31.490787269681743
2019-05-01,25,27.973199329983249
2019-05-01,26,40.536013400335008
2019-05-01,27,30.653266331658291
2019-05-01,28,31.490787269681743
2019-05-01,29,36.85092127303183
2019-05-01,30,30.318257956448914
2019-05-01,31,34.840871021775541
2019-05-01,32,32.998324958123952
2019-05-01,33,29.64824120603015
2019-05-01,34,29.145728643216078
2019-05-01,35,30.988274706867671
2019-05-01,36,29.313232830820766
2019-05-01,37,26.46566164154104
2019-05-01,38,12.060301507537687
2019-06-01,0,100.0
2019-06-01,1,24.933687002652519
2019-06-01,2,29.442970822281168
2019-06-01,3,27.320954907161806
2019-06-01,4,32.360742705570296
2019-06-01,5,29.708222811671085
2019-06-01,6,33.156498673740053
2019-06-01,7,31.299734748010611
2019-06-01,8,31.830238726790448
2019-06-01,9,34.482758620689658
2019-06-01,10,32.095490716180372
2019-06-01,11,29.442970822281168
2019-06-01,12,38.726790450928384
2019-06-01,13,33.687002652519894
2019-06-01,14,33.42175066312997
2019-06-01,15,29.442970822281168
2019-06-01,16,33.42175066312997
2019-06-01,17,32.360742705570296
2019-06-01,18,28.912466843501328
2019-06-01,19,47.214854111405835
2019-06-01,20,27.586206896551722
2019-06-01,21,32.891246684350136
2019-06-01,22,31.564986737400531
2019-06-01,23,34.482758620689658
2019-06-01,24,25.198938992042443
2019-06-01,25,46.153846153846153
2019-06-01,26,28.912466843501328
2019-06-01,27,32.891246684350136
2019-06-01,28,33.952254641909811
2019-06-01,29,32.891246684350136
2019-06-01,30,32.891246684350136
2019-06-01,31,32.360742705570296
2019-06-01,32,30.76923076923077
2019-06-01,33,32.095490716180372
2019-06-01,34,31.830238726790448
2019-06-01,35,28.116710875331563
2019-06-01,36,25.9946949602122
2019-06-01,37,11.140583554376658
2019-07-01,0,100.0
2019-07-01,1,22.885129118432772
2019-07-01,2,27.693677649154054
2019-07-01,3,32.680320569902051
2019-07-01,4,31.077471059661622
2019-07-01,5,33.03650934995548
2019-07-01,6,33.659839715048975
2019-07-01,7,33.926981300089047
2019-07-01,8,32.324131789848622
2019-07-01,9,36.15316117542298
2019-07-01,10,30.186999109528053
2019-07-01,11,32.324131789848622
2019-07-01,12,41.317898486197684
2019-07-01,13,31.255565449688334
2019-07-01,14,31.611754229741763
2019-07-01,15,34.461264470169191
2019-07-01,16,31.967943009795192
2019-07-01,17,28.940338379341053
2019-07-01,18,55.921638468388245
2019-07-01,19,25.200356188780056
2019-07-01,20,31.70080142475512
2019-07-01,21,30.543187889581482
2019-07-01,22,34.550311665182548
2019-07-01,23,31.522707034728402
2019-07-01,24,41.406945681211042
2019-07-01,25,30.097951914514692
2019-07-01,26,32.7693677649154
2019-07-01,27,35.529830810329479
2019-07-01,28,30.454140694568121
2019-07-01,29,35.173642030276049
2019-07-01,30,34.016028495102404
2019-07-01,31,30.454140694568121
2019-07-01,32,31.789848619768478
2019-07-01,33,32.1460373998219
2019-07-01,34,30.365093499554764
2019-07-01,35,26.714158504007123
2019-07-01,36,12.19946571682992
2019-08-01,0,100.0
2019-08-01,1,26.928281461434374
2019-08-01,2,29.093369418132614
2019-08-01,3,30.581867388362653
2019-08-01,4,32.74695534506089
2019-08-01,5,33.558863328822738
2019-08-01,6,32.070365358592696
2019-08-01,7,34.641407307171853
2019-08-01,8,31.799729364005415
2019-08-01,9,36.671177266576457
2019-08-01,10,33.694181326116372
2019-08-01,11,28.95805142083897
2019-08-01,12,43.978349120433016
2019-08-01,13,30.987821380243574
2019-08-01,14,35.317997293640055
2019-08-01,15,32.882273342354537
2019-08-01,16,30.581867388362653
2019-08-01,17,33.152909336941818
2019-08-01,18,47.090663058186735
2019-08-01,19,28.95805142083897
2019-08-01,20,33.558863328822738
2019-08-01,21,36.400541271989169
2019-08-01,22,29.499323410013535
2019-08-01,23,31.935047361299052
2019-08-01,24,43.301759133964815
2019-08-01,25,33.01759133964817
2019-08-01,26,30.446549391069013
2019-08-01,27,36.265223274695536
2019-08-01,28,37.483085250338291
2019-08-01,29,30.311231393775373
2019-08-01,30,32.070365358592696
2019-08-01,31,33.288227334235451
2019-08-01,32,30.717185385656293
2019-08-01,33,32.341001353179969
2019-08-01,34,26.522327469553453
2019-08-01,35,13.396481732070365
2019-09-01,0,100.0
2019-09-01,1,24.617737003058103
2019-09-01,2,29.663608562691131
2019-09-01,3,32.262996941896027
2019-09-01,4,33.180428134556578
2019-09-01,5,33.180428134556578
2019-09-01,6,34.5565749235474
2019-09-01,7,34.097859327217122
2019-09-01,8,34.709480122324159
2019-09-01,9,35.321100917431195
2019-09-01,10,33.027522935779821
2019-09-01,11,38.685015290519878
2019-09-01,12,35.932721712538225
2019-09-01,13,32.415902140672785
2019-09-01,14,34.097859327217122
2019-09-01,15,34.5565749235474
2019-09-01,16,30.275229357798167
2019-09-01,17,52.905198776758411
2019-09-01,18,30.122324159021407
2019-09-01,19,32.7217125382263
2019-09-01,20,33.792048929663608
2019-09-01,21,31.957186544342509
2019-09-01,22,33.486238532110093
2019-09-01,23,43.425076452599384
2019-09-01,24,28.593272171253826
2019-09-01,25,34.097859327217122
2019-09-01,26,37.461773700305812
2019-09-01,27,33.027522935779821
2019-09-01,28,34.25076452599388
2019-09-01,29,33.63914373088685
2019-09-01,30,33.333333333333329
2019-09-01,31,33.944954128440372
2019-09-01,32,30.886850152905197
2019-09-01,33,27.828746177370029
2019-09-01,34,12.538226299694188
2019-10-01,0,100.0
2019-10-01,1,24.371069182389938
2019-10-01,2,30.345911949685533
2019-10-01,3,31.918238993710691
2019-10-01,4,34.276729559748425
2019-10-01,5,32.075471698113205
2019-10-01,6,32.704402515723267
2019-10-01,7,36.79245283018868
2019-10-01,8,35.377358490566039
2019-10-01,9,36.635220125786162
2019-10-01,10,32.075471698113205
2019-10-01,11,43.553459119496857
2019-10-01,12,30.50314465408805
2019-10-01,13,35.849056603773583
2019-10-01,14,31.761006289308174
2019-10-01,15,35.220125786163521
2019-10-01,16,26.572327044025158
2019-10-01,17,55.345911949685537
2019-10-01,18,30.817610062893081
2019-10-01,19,34.591194968553459
2019-10-01,20,36.163522012578611
2019-10-01,21,30.660377358490564
2019-10-01,22,43.553459119496857
2019-10-01,23,31.60377358490566
2019-10-01,24,32.704402515723267
2019-10-01,25,37.421383647798741
2019-10-01,26,32.232704402515722
2019-10-01,27,36.94968553459119
2019-10-01,28,32.861635220125784
2019-10-01,29,32.547169811320757
2019-10-01,30,32.704402515723267
2019-10-01,31,31.918238993710691
2019-10-01,32,28.459119496855344
2019-10-01,33,12.89308176100629
2019-11-01,0,100.0
2019-11-01,1,28.321167883211679
2019-11-01,2,34.160583941605836
2019-11-01,3,34.89051094890511
2019-11-01,4,35.766423357664237
2019-11-01,5,39.270072992700726
2019-11-01,6,35.474452554744524
2019-11-01,7,37.372262773722625
2019-11-01,8,40.0
2019-11-01,9,37.810218978102192
2019-11-01,10,32.7007299270073
2019-11-01,11,46.423357664233578
2019-11-01,12,34.89051094890511
2019-11-01,13,38.686131386861319
2019-11-01,14,35.912408759124084
2019-11-01,15,32.992700729927
2019-11-01,16,57.372262773722625
2019-11-01,17,31.970802919708031
2019-11-01,18,36.058394160583937
2019-11-01,19,36.496350364963504
2019-11-01,20,39.56204379562044
2019-11-01,21,32.116788321167881
2019-11-01,22,46.715328467153284
2019-11-01,23,38.248175182481752
2019-11-01,24,39.270072992700726
2019-11-01,25,35.036496350364963
2019-11-01,26,39.124087591240873
2019-11-01,27,35.32846715328467
2019-11-01,28,38.248175182481752
2019-11-01,29,33.868613138686129
2019-11-01,30,38.540145985401459
2019-11-01,31,30.364963503649633
2019-11-01,32,14.306569343065693
2019-12-01,0,100.0
2019-12-01,1,23.076923076923077
2019-12-01,2,26.153846153846157
2019-12-01,3,27.692307692307693
2019-12-01,4,32.820512820512818
2019-12-01,5,31.025641025641026
2019-12-01,6,30.76923076923077
2019-12-01,7,31.025641025641026
2019-12-01,8,36.153846153846153
2019-12-01,9,27.948717948717949
2019-12-01,10,34.1025641025641
2019-12-01,11,33.333333333333329
2019-12-01,12,31.794871794871792
2019-12-01,13,32.051282051282051
2019-12-01,14,30.0
2019-12-01,15,23.589743589743588
2019-12-01,16,52.564102564102569
2019-12-01,17,27.435897435897438
2019-12-01,18,31.282051282051281
2019-12-01,19,31.538461538461537
2019-12-01,20,29.487179487179489
2019-12-01,21,39.487179487179489
2019-12-01,22,30.256410256410255
2019-12-01,23,27.179487179487179
2019-12-01,24,34.358974358974358
2019-12-01,25,34.1025641025641
2019-12-01,26,30.512820512820515
2019-12-01,27,30.256410256410255
2019-12-01,28,31.794871794871792
2019-12-01,29,28.205128205128204
2019-12-01,30,25.128205128205128
2019-12-01,31,10.256410256410255
2020-01-01,0,100.0
2020-01-01,1,24.067796610169491
2020-01-01,2,30.338983050847457
2020-01-01,3,30.0
2020-01-01,4,35.254237288135592
2020-01-01,5,33.728813559322035
2020-01-01,6,36.271186440677965
2020-01-01,7,34.576271186440678
2020-01-01,8,35.084745762711869
2020-01-01,9,31.694915254237287
2020-01-01,10,43.050847457627114
2020-01-01,11,32.3728813559322
2020-01-01,12,35.762711864406782
2020-01-01,13,31.016949152542374
2020-01-01,14,31.525423728813561
2020-01-01,15,51.864406779661024
2020-01-01,16,32.20338983050847
2020-01-01,17,31.35593220338983
2020-01-01,18,37.457627118644069
2020-01-01,19,33.389830508474574
2020-01-01,20,42.203389830508478
2020-01-01,21,31.35593220338983
2020-01-01,22,32.20338983050847
2020-01-01,23,37.6271186440678
2020-01-01,24,38.135593220338983
2020-01-01,25,28.474576271186443
2020-01-01,26,35.084745762711869
2020-01-01,27,34.745762711864408
2020-01-01,28,29.66101694915254
2020-01-01,29,28.135593220338983
2020-01-01,30,12.881355932203389
2020-02-01,0,100.0
2020-02-01,1,30.78034682080925
2020-02-01,2,33.670520231213871
2020-02-01,3,37.427745664739888
2020-02-01,4,35.693641618497111
2020-02-01,5,39.595375722543352
2020-02-01,6,39.450867052023121
2020-02-01,7,41.47398843930636
2020-02-01,8,38.150289017341038
2020-02-01,9,34.537572254335259
2020-02-01,10,45.809248554913296
2020-02-01,11,36.994219653179186
2020-02-01,12,37.283236994219656
2020-02-01,13,38.005780346820814
2020-02-01,14,29.046242774566473
2020-02-01,15,60.838150289017342
2020-02-01,16,36.271676300578036
2020-02-01,17,35.693641618497111
2020-02-01,18,42.052023121387286
2020-02-01,19,31.358381502890175
2020-02-01,20,49.421965317919074
2020-02-01,21,34.393063583815028
2020-02-01,22,44.508670520231213
2020-02-01,23,36.416184971098261
2020-02-01,24,34.971098265895954
2020-02-01,25,42.052023121387286
2020-02-01,26,37.138728323699425
2020-02-01,27,34.537572254335259
2020-02-01,28,31.79190751445087
2020-02-01,29,15.173410404624278
2020-03-01,0,100.0
2020-03-01,1,29.7339593114241
2020-03-01,2,35.837245696400629
2020-03-01,3,37.402190923317683
2020-03-01,4,40.845070422535215
2020-03-01,5,40.062597809076685
2020-03-01,6,37.402190923317683
2020-03-01,7,40.375586854460096
2020-03-01,8,39.906103286384976
2020-03-01,9,40.532081377151805
2020-03-01,10,41.94053208137715
2020-03-01,11,38.810641627543035
2020-03-01,12,37.8716744913928
2020-03-01,13,36.93270735524257
2020-03-01,14,56.338028169014088
2020-03-01,15,34.272300469483568
2020-03-01,16,39.280125195618155
2020-03-01,17,39.593114241001565
2020-03-01,18,37.715179968701094
2020-03-01,19,46.322378716744915
2020-03-01,20,35.837245696400629
2020-03-01,21,45.226917057902973
2020-03-01,22,35.0547730829421
2020-03-01,23,38.810641627543035
2020-03-01,24,38.654147104851326
2020-03-01,25,41.158059467918626
2020-03-01,26,35.2112676056338
2020-03-01,27,33.333333333333329
2020-03-01,28,18.779342723004692
2020-04-01,0,100.0
2020-04-01,1,29.721362229102166
2020-04-01,2,39.0092879256966
2020-04-01,3,39.783281733746129
2020-04-01,4,40.712074303405572
2020-04-01,5,41.795665634674926
2020-04-01,6,39.473684210526315
2020-04-01,7,43.653250773993804
2020-04-01,8,39.318885448916404
2020-04-01,9,47.213622291021672
2020-04-01,10,36.9969040247678
2020-04-01,11,41.021671826625386
2020-04-01,12,41.640866873065015
2020-04-01,13,33.591331269349844
2020-04-01,14,60.681114551083596
2020-04-01,15,40.402476780185758
2020-04-01,16,39.628482972136226
2020-04-01,17,42.724458204334361
2020-04-01,18,47.8328173374613
2020-04-01,19,36.222910216718269
2020-04-01,20,39.783281733746129
2020-04-01,21,45.201238390092882
2020-04-01,22,41.795665634674926
2020-04-01,23,40.092879256965944
2020-04-01,24,41.17647058823529
2020-04-01,25,40.866873065015483
2020-04-01,26,34.829721362229108
2020-04-01,27,18.421052631578945
2020-05-01,0,100.0
2020-05-01,1,24.574209245742093
2020-05-01,2,26.277372262773724
2020-05-01,3,30.656934306569344
2020-05-01,4,29.683698296836987
2020-05-01,5,28.710462287104622
2020-05-01,6,33.333333333333329
2020-05-01,7,34.0632603406326
2020-05-01,8,26.277372262773724
2020-05-01,9,37.226277372262771
2020-05-01,10,31.630170316301705
2020-05-01,11,27.737226277372262
2020-05-01,12,30.170316301703163
2020-05-01,13,50.364963503649641
2020-05-01,14,26.520681265206814
2020-05-01,15,31.143552311435524
2020-05-01,16,30.170316301703163
2020-05-01,17,25.790754257907544
2020-05-01,18,39.902676399026767
2020-05-01,19,26.277372262773724
2020-05-01,20,35.766423357664237
2020-05-01,21,30.170316301703163
2020-05-01,22,31.143552311435524
2020-05-01,23,27.007299270072991
2020-05-01,24,29.683698296836987
2020-05-01,25,23.600973236009732
2020-05-01,26,10.70559610705596
2020-06-01,0,100.0
2020-06-01,1,30.756578947368425
2020-06-01,2,35.526315789473685
2020-06-01,3,41.118421052631575
2020-06-01,4,38.32236842105263
2020-06-01,5,43.09210526315789
2020-06-01,6,40.296052631578952
2020-06-01,7,40.789473684210527
2020-06-01,8,38.651315789473685
2020-06-01,9,45.723684210526315
2020-06-01,10,41.940789473684212
2020-06-01,11,39.96710526315789
2020-06-01,12,33.55263157894737
2020-06-01,13,56.085526315789465
2020-06-01,14,40.789473684210527
2020-06-01,15,40.131578947368425
2020-06-01,16,36.019736842105267
2020-06-01,17,50.82236842105263
2020-06-01,18,38.815789473684212
2020-06-01,19,39.80263157894737
2020-06-01,20,39.144736842105267
2020-06-01,21,41.44736842105263
2020-06-01,22,37.993421052631575
2020-06-01,23,40.953947368421048
2020-06-01,24,32.894736842105267
2020-06-01,25,19.243421052631579
2020-07-01,0,100.0
2020-07-01,1,28.113063407181055
2020-07-01,2,35.523300229182581
2020-07-01,3,38.349885408708943
2020-07-01,4,38.12070282658518
2020-07-01,5,40.641711229946523
2020-07-01,6,43.850267379679138
2020-07-01,7,33.842627960275017
2020-07-01,8,45.148968678380442
2020-07-01,9,34.53017570664629
2020-07-01,10,40.947288006111535
2020-07-01,11,36.669213139801379
2020-07-01,12,57.142857142857139
2020-07-01,13,34.148204736440029
2020-07-01,14,36.592818945760122
2020-07-01,15,41.17647058823529
2020-07-01,16,45.072574484339192
2020-07-01,17,33.766233766233768
2020-07-01,18,44.690603514132924
2020-07-01,19,32.391138273491215
2020-07-01,20,41.17647058823529
2020-07-01,21,38.8846447669977
2020-07-01,22,38.19709702062643
2020-07-01,23,33.766233766233768
2020-07-01,24,16.653934300993125
2020-08-01,0,100.0
2020-08-01,1,32.48987854251012
2020-08-01,2,40.2834008097166
2020-08-01,3,41.497975708502025
2020-08-01,4,44.4331983805668
2020-08-01,5,40.9919028340081
2020-08-01,6,44.534412955465584
2020-08-01,7,38.967611336032384
2020-08-01,8,51.012145748987855
2020-08-01,9,42.105263157894733
2020-08-01,10,44.4331983805668
2020-08-01,11,37.246963562753038
2020-08-01,12,58.198380566801625
2020-08-01,13,41.093117408906885
2020-08-01,14,44.534412955465584
2020-08-01,15,38.259109311740893
2020-08-01,16,50.303643724696357
2020-08-01,17,42.105263157894733
2020-08-01,18,43.016194331983804
2020-08-01,19,43.117408906882595
2020-08-01,20,42.206477732793523
2020-08-01,21,42.611336032388664
2020-08-01,22,37.145748987854248
2020-08-01,23,20.344129554655872
2020-09-01,0,100.0
2020-09-01,1,29.166666666666668
2020-09-01,2,36.155913978494624
2020-09-01,3,39.247311827956985
2020-09-01,4,38.306451612903224
2020-09-01,5,38.978494623655912
2020-09-01,6,40.994623655913983
2020-09-01,7,40.591397849462361
2020-09-01,8,43.951612903225808
2020-09-01,9,39.381720430107528
2020-09-01,10,38.44086021505376
2020-09-01,11,55.376344086021504
2020-09-01,12,33.87096774193548
2020-09-01,13,38.44086021505376
2020-09-01,14,39.381720430107528
2020-09-01,15,46.37096774193548
2020-09-01,16,37.365591397849464
2020-09-01,17,40.322580645161288
2020-09-01,18,40.86021505376344
2020-09-01,19,39.6505376344086
2020-09-01,20,37.634408602150536
2020-09-01,21,32.93010752688172
2020-09-01,22,18.951612903225808
2020-10-01,0,100.0
2020-10-01,1,37.452229299363054
2020-10-01,2,41.910828025477706
2020-10-01,3,42.1656050955414
2020-10-01,4,42.675159235668794
2020-10-01,5,46.496815286624205
2020-10-01,6,43.057324840764331
2020-10-01,7,50.955414012738856
2020-10-01,8,40.764331210191088
2020-10-01,9,46.242038216560509
2020-10-01,10,37.197452229299358
2020-10-01,11,64.203821656050948
2020-10-01,12,41.146496815286625
2020-10-01,13,45.605095541401276
2020-10-01,14,49.681528662420384
2020-10-01,15,41.146496815286625
2020-10-01,16,44.968152866242036
2020-10-01,17,45.095541401273884
2020-10-01,18,43.439490445859875
2020-10-01,19,43.439490445859875
2020-10-01,20,39.363057324840767
2020-10-01,21,20.509554140127388
2020-11-01,0,100.0
2020-11-01,1,32.528589580686152
2020-11-01,2,38.500635324015249
2020-11-01,3,41.931385006353239
2020-11-01,4,41.677255400254133
2020-11-01,5,45.362134688691228
2020-11-01,6,37.99237611181703
2020-11-01,7,47.522236340533674
2020-11-01,8,42.185514612452351
2020-11-01,9,42.058449809402795
2020-11-01,10,57.941550190597205
2020-11-01,11,36.594663278271916
2020-11-01,12,42.566709021601021
2020-11-01,13,40.406607369758582
2020-11-01,14,47.64930114358323
2020-11-01,15,44.980940279542573
2020-11-01,16,40.533672172808132
2020-11-01,17,40.9148665819568
2020-11-01,18,40.660736975857688
2020-11-01,19,37.2299872935197
2020-11-01,20,18.170266836086405
2020-12-01,0,100.0
2020-12-01,1,21.628498727735369
2020-12-01,2,25.954198473282442
2020-12-01,3,31.806615776081426
2020-12-01,4,32.061068702290072
2020-12-01,5,34.096692111959285
2020-12-01,6,31.552162849872772
2020-12-01,7,35.114503816793892
2020-12-01,8,31.043256997455472
2020-12-01,9,24.681933842239186
2020-12-01,10,54.707379134860048
2020-12-01,11,27.989821882951656
2020-12-01,12,31.297709923664126
2020-12-01,13,41.221374045801525
2020-12-01,14,25.699745547073793
2020-12-01,15,33.333333333333329
2020-12-01,16,34.860050890585242
2020-12-01,17,28.753180661577609
2020-12-01,18,27.480916030534353
2020-12-01,19,9.9236641221374047
2021-01-01,0,100.0
2021-01-01,1,39.85419198055893
2021-01-01,2,45.929526123936817
2021-01-01,3,47.266099635479954
2021-01-01,4,49.331713244228432
2021-01-01,5,48.8456865127582
2021-01-01,6,53.341433778857841
2021-01-01,7,47.023086269744837
2021-01-01,8,46.780072904009721
2021-01-01,9,62.454434993924664
2021-01-01,10,44.106925880923455
2021-01-01,11,48.967193195625761
2021-01-01,12,54.678007290400977
2021-01-01,13,44.592952612393681
2021-01-01,14,48.967193195625761
2021-01-01,15,48.724179829890645
2021-01-01,16,48.359659781287974
2021-01-01,17,43.985419198055894
2021-01-01,18,24.179829890643987
2021-02-01,0,100.0
2021-02-01,1,37.075332348596753
2021-02-01,2,42.245199409158054
2021-02-01,3,44.460856720827181
2021-02-01,4,46.5288035450517
2021-02-01,5,42.39290989660266
2021-02-01,6,49.039881831610046
2021-02-01,7,45.494830132939441
2021-02-01,8,37.813884785819795
2021-02-01,9,60.856720827178734
2021-02-01,10,44.01772525849335
2021-02-01,11,42.245199409158054
2021-02-01,12,48.005908419497786
2021-02-01,13,45.199409158050216
2021-02-01,14,45.347119645494836
2021-02-01,15,44.01772525849335
2021-02-01,16,38.404726735598224
2021-02-01,17,23.485967503692763
2021-03-01,0,100.0
2021-03-01,1,32.26221079691517
2021-03-01,2,40.488431876606683
2021-03-01,3,41.773778920308487
2021-03-01,4,48.457583547557839
2021-03-01,5,41.902313624678662
2021-03-01,6,41.645244215938305
2021-03-01,7,41.645244215938305
2021-03-01,8,59.511568123393324
2021-03-01,9,37.017994858611821
2021-03-01,10,42.544987146529564
2021-03-01,11,45.244215938303341
2021-03-01,12,46.1439588688946
2021-03-01,13,39.974293059125962
2021-03-01,14,41.902313624678662
2021-03-01,15,35.604113110539849
2021-03-01,16,23.007712082262209
2021-04-01,0,100.0
2021-04-01,1,33.618233618233617
2021-04-01,2,40.313390313390315
2021-04-01,3,43.589743589743591
2021-04-01,4,42.735042735042732
2021-04-01,5,48.717948717948715
2021-04-01,6,40.74074074074074
2021-04-01,7,37.464387464387464
2021-04-01,8,56.69515669515669
2021-04-01,9,44.159544159544161
2021-04-01,10,47.150997150997156
2021-04-01,11,37.89173789173789
2021-04-01,12,46.153846153846153
2021-04-01,13,41.025641025641022
2021-04-01,14,38.176638176638178
2021-04-01,15,22.934472934472936
2021-05-01,0,100.0
2021-05-01,1,25.586854460093893
2021-05-01,2,35.91549295774648
2021-05-01,3,36.15023474178404
2021-05-01,4,34.741784037558688
2021-05-01,5,38.732394366197184
2021-05-01,6,35.44600938967136
2021-05-01,7,50.704225352112672
2021-05-01,8,33.098591549295776
2021-05-01,9,30.281690140845068
2021-05-01,10,39.201877934272304
2021-05-01,11,35.44600938967136
2021-05-01,12,36.619718309859159
2021-05-01,13,32.159624413145536
2021-05-01,14,14.788732394366196
2021-06-01,0,100.0
2021-06-01,1,37.551581843191194
2021-06-01,2,42.0907840440165
2021-06-01,3,46.217331499312245
2021-06-01,4,46.629986244841817
2021-06-01,5,45.942228335625863
2021-06-01,6,40.990371389270976
2021-06-01,7,59.972489683631359
2021-06-01,8,44.979367262723521
2021-06-01,9,47.730398899587342
2021-06-01,10,45.392022008253093
2021-06-01,11,45.529573590096284
2021-06-01,12,41.953232462173318
2021-06-01,13,24.484181568088033
2021-07-01,0,100.0
2021-07-01,1,41.426701570680628
2021-07-01,2,47.316753926701573
2021-07-01,3,51.767015706806284
2021-07-01,4,52.225130890052348
2021-07-01,5,48.7565445026178
2021-07-01,6,63.023560209424076
2021-07-01,7,42.342931937172771
2021-07-01,8,54.777486910994767
2021-07-01,9,50.589005235602095
2021-07-01,10,48.102094240837694
2021-07-01,11,46.007853403141361
2021-07-01,12,28.795811518324609
2021-08-01,0,100.0
2021-08-01,1,41.45873320537428
2021-08-01,2,48.752399232245679
2021-08-01,3,49.328214971209214
2021-08-01,4,55.5662188099808
2021-08-01,5,45.393474088291747
2021-08-01,6,59.788867562380041
2021-08-01,7,45.77735124760077
2021-08-01,8,56.046065259117086
2021-08-01,9,51.439539347408825
2021-08-01,10,48.752399232245679
2021-08-01,11,29.654510556621883
2021-09-01,0,100.0
2021-09-01,1,42.0353982300885
2021-09-01,2,48.783185840707965
2021-09-01,3,48.672566371681413
2021-09-01,4,51.769911504424783
2021-09-01,5,57.743362831858406
2021-09-01,6,47.013274336283182
2021-09-01,7,50.774336283185839
2021-09-01,8,49.889380530973455
2021-09-01,9,47.345132743362832
2021-09-01,10,28.318584070796462
2021-10-01,0,100.0
2021-10-01,1,49.798792756539235
2021-10-01,2,54.225352112676063
2021-10-01,3,58.249496981891348
2021-10-01,4,47.283702213279675
2021-10-01,5,68.712273641851112
2021-10-01,6,56.639839034205231
2021-10-01,7,53.521126760563376
2021-10-01,8,53.521126760563376
2021-10-01,9,33.5010060362173
2021-11-01,0,100.0
2021-11-01,1,43.246311010215663
2021-11-01,2,50.624290578887631
2021-11-01,3,53.461975028376841
2021-11-01,4,61.293984108967081
2021-11-01,5,48.808172531214531
2021-11-01,6,57.321225879682181
2021-11-01,7,48.808172531214531
2021-11-01,8,33.030646992054486
2021-12-01,0,100.0
2021-12-01,1,28.850855745721272
2021-12-01,2,37.163814180929094
2021-12-01,3,35.941320293398533
2021-12-01,4,51.1002444987775
2021-12-01,5,39.119804400978
2021-12-01,6,38.630806845965772
2021-12-01,7,17.6039119804401
2022-01-01,0,100.0
2022-01-01,1,44.43359375
2022-01-01,2,54.98046875
2022-01-01,3,61.71875
2022-01-01,4,54.8828125
2022-01-01,5,53.90625
2022-01-01,6,34.1796875
2022-02-01,0,100.0
2022-02-01,1,52.4822695035461
2022-02-01,2,57.919621749408975
2022-02-01,3,65.130023640661932
2022-02-01,4,62.174940898345156
2022-02-01,5,41.016548463356969
2022-03-01,0,100.0
2022-03-01,1,57.583230579531438
2022-03-01,2,70.036991368680646
2022-03-01,3,61.035758323057955
2022-03-01,4,47.595561035758323
2022-04-01,0,100.0
2022-04-01,1,61.829268292682926
2022-04-01,2,74.268292682926827
2022-04-01,3,50.487804878048777
2022-05-01,0,100.0
2022-05-01,1,52.380952380952387
2022-05-01,2,35.416666666666671
2022-06-01,0,100.0
2022-06-01,1,76.77852348993288
2022-07-01,0,100.0